matrix_rows,matrix_columns,matrix_tasks,matrix_density,density_profile,average_nonzeros_per_row,skew_profile,row_degree_zipf_alpha,repetition,seed,cache_policy,victim_admission,d_block_bytes,q_block_bytes,device_capacity_bytes,host_capacity_bytes,row_major_total_io_operations,row_major_total_io_bytes,row_major_ssd_io_operations,row_major_ssd_io_bytes,row_major_host_to_device_io_operations,row_major_host_to_device_io_bytes,row_major_device_to_host_io_operations,row_major_device_to_host_io_bytes,diskjoin_mecc_total_io_operations,diskjoin_mecc_total_io_bytes,diskjoin_mecc_ssd_io_operations,diskjoin_mecc_ssd_io_bytes,diskjoin_mecc_host_to_device_io_operations,diskjoin_mecc_host_to_device_io_bytes,diskjoin_mecc_device_to_host_io_operations,diskjoin_mecc_device_to_host_io_bytes,block_rcm_total_io_operations,block_rcm_total_io_bytes,block_rcm_ssd_io_operations,block_rcm_ssd_io_bytes,block_rcm_host_to_device_io_operations,block_rcm_host_to_device_io_bytes,block_rcm_device_to_host_io_operations,block_rcm_device_to_host_io_bytes,diskjoin_mecc_to_row_major_total_io_operations_ratio,diskjoin_mecc_to_row_major_total_io_bytes_ratio,diskjoin_mecc_to_row_major_ssd_io_operations_ratio,diskjoin_mecc_to_row_major_ssd_io_bytes_ratio,diskjoin_mecc_to_block_rcm_total_io_operations_ratio,diskjoin_mecc_to_block_rcm_total_io_bytes_ratio,diskjoin_mecc_to_block_rcm_ssd_io_operations_ratio,diskjoin_mecc_to_block_rcm_ssd_io_bytes_ratio,block_rcm_to_row_major_total_io_operations_ratio,block_rcm_to_row_major_total_io_bytes_ratio,block_rcm_to_row_major_ssd_io_operations_ratio,block_rcm_to_row_major_ssd_io_bytes_ratio,best_total_io_operations_scheduler,best_total_io_bytes_scheduler,best_ssd_io_operations_scheduler,best_ssd_io_bytes_scheduler
24,24,24,0.041666666666666664,degree-1,1.0,uniform,0.0,0,7,belady,future,67108864,67108864,268435456,536870912,44,2952790016,40,2684354560,2,134217728,2,134217728,40,2684354560,40,2684354560,0,0,0,0,40,2684354560,40,2684354560,0,0,0,0,0.9090909090909091,0.9090909090909091,1.0,1.0,1.0,1.0,1.0,1.0,0.9090909090909091,0.9090909090909091,1.0,1.0,diskjoin_mecc|block_rcm,diskjoin_mecc|block_rcm,row_major|diskjoin_mecc|block_rcm,row_major|diskjoin_mecc|block_rcm
24,24,24,0.041666666666666664,degree-1,1.0,uniform,0.0,0,7,lru,future,67108864,67108864,268435456,536870912,54,3623878656,40,2684354560,7,469762048,7,469762048,40,2684354560,40,2684354560,0,0,0,0,40,2684354560,40,2684354560,0,0,0,0,0.7407407407407407,0.7407407407407407,1.0,1.0,1.0,1.0,1.0,1.0,0.7407407407407407,0.7407407407407407,1.0,1.0,diskjoin_mecc|block_rcm,diskjoin_mecc|block_rcm,row_major|diskjoin_mecc|block_rcm,row_major|diskjoin_mecc|block_rcm
24,24,24,0.041666666666666664,degree-1,1.0,moderate-zipf,0.8,0,108,belady,future,67108864,67108864,268435456,536870912,38,2550136832,34,2281701376,2,134217728,2,134217728,34,2281701376,34,2281701376,0,0,0,0,34,2281701376,34,2281701376,0,0,0,0,0.8947368421052632,0.8947368421052632,1.0,1.0,1.0,1.0,1.0,1.0,0.8947368421052632,0.8947368421052632,1.0,1.0,diskjoin_mecc|block_rcm,diskjoin_mecc|block_rcm,row_major|diskjoin_mecc|block_rcm,row_major|diskjoin_mecc|block_rcm
24,24,24,0.041666666666666664,degree-1,1.0,moderate-zipf,0.8,0,108,lru,future,67108864,67108864,268435456,536870912,42,2818572288,34,2281701376,4,268435456,4,268435456,34,2281701376,34,2281701376,0,0,0,0,34,2281701376,34,2281701376,0,0,0,0,0.8095238095238095,0.8095238095238095,1.0,1.0,1.0,1.0,1.0,1.0,0.8095238095238095,0.8095238095238095,1.0,1.0,diskjoin_mecc|block_rcm,diskjoin_mecc|block_rcm,row_major|diskjoin_mecc|block_rcm,row_major|diskjoin_mecc|block_rcm
24,24,24,0.041666666666666664,degree-1,1.0,high-zipf,1.4,0,209,belady,future,67108864,67108864,268435456,536870912,30,2013265920,28,1879048192,1,67108864,1,67108864,30,2013265920,28,1879048192,1,67108864,1,67108864,28,1879048192,28,1879048192,0,0,0,0,1.0,1.0,1.0,1.0,1.0714285714285714,1.0714285714285714,1.0,1.0,0.9333333333333333,0.9333333333333333,1.0,1.0,block_rcm,block_rcm,row_major|diskjoin_mecc|block_rcm,row_major|diskjoin_mecc|block_rcm
24,24,24,0.041666666666666664,degree-1,1.0,high-zipf,1.4,0,209,lru,future,67108864,67108864,268435456,536870912,36,2415919104,28,1879048192,4,268435456,4,268435456,34,2281701376,28,1879048192,3,201326592,3,201326592,30,2013265920,28,1879048192,1,67108864,1,67108864,0.9444444444444444,0.9444444444444444,1.0,1.0,1.1333333333333333,1.1333333333333333,1.0,1.0,0.8333333333333334,0.8333333333333334,1.0,1.0,block_rcm,block_rcm,row_major|diskjoin_mecc|block_rcm,row_major|diskjoin_mecc|block_rcm
24,24,96,0.16666666666666666,degree-4,4.0,uniform,0.0,0,10014,belady,future,67108864,67108864,268435456,536870912,144,9663676416,57,3825205248,39,2617245696,48,3221225472,102,6845104128,50,3355443200,24,1610612736,28,1879048192,118,7918845952,50,3355443200,33,2214592512,35,2348810240,0.7083333333333334,0.7083333333333334,0.8771929824561403,0.8771929824561403,0.864406779661017,0.864406779661017,1.0,1.0,0.8194444444444444,0.8194444444444444,0.8771929824561403,0.8771929824561403,diskjoin_mecc,diskjoin_mecc,diskjoin_mecc|block_rcm,diskjoin_mecc|block_rcm
24,24,96,0.16666666666666666,degree-4,4.0,uniform,0.0,0,10014,lru,future,67108864,67108864,268435456,536870912,192,12884901888,71,4764729344,48,3221225472,73,4898947072,184,12348030976,50,3355443200,65,4362076160,69,4630511616,188,12616466432,56,3758096384,61,4093640704,71,4764729344,0.9583333333333334,0.9583333333333334,0.704225352112676,0.704225352112676,0.9787234042553191,0.9787234042553191,0.8928571428571429,0.8928571428571429,0.9791666666666666,0.9791666666666666,0.7887323943661971,0.7887323943661971,diskjoin_mecc,diskjoin_mecc,diskjoin_mecc,diskjoin_mecc
24,24,96,0.16666666666666666,degree-4,4.0,moderate-zipf,0.8,0,10115,belady,future,67108864,67108864,268435456,536870912,151,10133438464,67,4496293888,33,2214592512,51,3422552064,136,9126805504,61,4093640704,32,2147483648,43,2885681152,135,9059696640,58,3892314112,35,2348810240,42,2818572288,0.9006622516556292,0.9006622516556292,0.9104477611940298,0.9104477611940298,1.0074074074074073,1.0074074074074073,1.0517241379310345,1.0517241379310345,0.8940397350993378,0.8940397350993378,0.8656716417910447,0.8656716417910447,block_rcm,block_rcm,block_rcm,block_rcm
24,24,96,0.16666666666666666,degree-4,4.0,moderate-zipf,0.8,0,10115,lru,future,67108864,67108864,268435456,536870912,188,12616466432,84,5637144576,34,2281701376,70,4697620480,176,11811160064,74,4966055936,38,2550136832,64,4294967296,176,11811160064,70,4697620480,42,2818572288,64,4294967296,0.9361702127659575,0.9361702127659575,0.8809523809523809,0.8809523809523809,1.0,1.0,1.0571428571428572,1.0571428571428572,0.9361702127659575,0.9361702127659575,0.8333333333333334,0.8333333333333334,diskjoin_mecc|block_rcm,diskjoin_mecc|block_rcm,block_rcm,block_rcm
24,24,96,0.16666666666666666,degree-4,4.0,high-zipf,1.4,0,10216,belady,future,67108864,67108864,268435456,536870912,145,9730785280,67,4496293888,36,2415919104,42,2818572288,138,9261023232,70,4697620480,29,1946157056,39,2617245696,128,8589934592,65,4362076160,29,1946157056,34,2281701376,0.9517241379310345,0.9517241379310345,1.044776119402985,1.044776119402985,1.078125,1.078125,1.0769230769230769,1.0769230769230769,0.8827586206896552,0.8827586206896552,0.9701492537313433,0.9701492537313433,block_rcm,block_rcm,block_rcm,block_rcm
24,24,96,0.16666666666666666,degree-4,4.0,high-zipf,1.4,0,10216,lru,future,67108864,67108864,268435456,536870912,186,12482248704,92,6174015488,25,1677721600,69,4630511616,174,11676942336,91,6106906624,20,1342177280,63,4227858432,166,11140071424,77,5167382528,30,2013265920,59,3959422976,0.9354838709677419,0.9354838709677419,0.9891304347826086,0.9891304347826086,1.0481927710843373,1.0481927710843373,1.1818181818181819,1.1818181818181819,0.8924731182795699,0.8924731182795699,0.8369565217391305,0.8369565217391305,block_rcm,block_rcm,block_rcm,block_rcm
24,24,384,0.6666666666666666,degree-16,16.0,uniform,0.0,0,20021,belady,future,67108864,67108864,268435456,536870912,594,39862665216,181,12146704384,178,11945377792,235,15770583040,575,38587596800,171,11475615744,188,12616466432,216,14495514624,593,39795556352,177,11878268928,181,12146704384,235,15770583040,0.968013468013468,0.968013468013468,0.9447513812154696,0.9447513812154696,0.96964586846543,0.96964586846543,0.9661016949152542,0.9661016949152542,0.9983164983164983,0.9983164983164983,0.9779005524861878,0.9779005524861878,diskjoin_mecc,diskjoin_mecc,diskjoin_mecc,diskjoin_mecc
24,24,384,0.6666666666666666,degree-16,16.0,uniform,0.0,0,20021,lru,future,67108864,67108864,268435456,536870912,768,51539607552,396,26575110144,12,805306368,360,24159191040,768,51539607552,397,26642219008,11,738197504,360,24159191040,768,51539607552,393,26373783552,15,1006632960,360,24159191040,1.0,1.0,1.0025252525252526,1.0025252525252526,1.0,1.0,1.0101781170483461,1.0101781170483461,1.0,1.0,0.9924242424242424,0.9924242424242424,row_major|diskjoin_mecc|block_rcm,row_major|diskjoin_mecc|block_rcm,block_rcm,block_rcm
24,24,384,0.6666666666666666,degree-16,16.0,moderate-zipf,0.8,0,20122,belady,future,67108864,67108864,268435456,536870912,573,38453379072,205,13757317120,156,10468982784,212,14227079168,549,36842766336,201,13488881664,159,10670309376,189,12683575296,547,36708548608,204,13690208256,155,10401873920,188,12616466432,0.9581151832460733,0.9581151832460733,0.9804878048780488,0.9804878048780488,1.0036563071297988,1.0036563071297988,0.9852941176470589,0.9852941176470589,0.9546247818499127,0.9546247818499127,0.9951219512195122,0.9951219512195122,block_rcm,block_rcm,diskjoin_mecc,diskjoin_mecc
24,24,384,0.6666666666666666,degree-16,16.0,moderate-zipf,0.8,0,20122,lru,future,67108864,67108864,268435456,536870912,768,51539607552,377,25300041728,31,2080374784,360,24159191040,768,51539607552,362,24293408768,46,3087007744,360,24159191040,766,51405389824,367,24628953088,40,2684354560,359,24092082176,1.0,1.0,0.9602122015915119,0.9602122015915119,1.0026109660574412,1.0026109660574412,0.9863760217983651,0.9863760217983651,0.9973958333333334,0.9973958333333334,0.9734748010610079,0.9734748010610079,block_rcm,block_rcm,diskjoin_mecc,diskjoin_mecc
24,24,384,0.6666666666666666,degree-16,16.0,high-zipf,1.4,0,20223,belady,future,67108864,67108864,268435456,536870912,558,37446746112,203,13623099392,157,10536091648,198,13287555072,528,35433480192,212,14227079168,147,9865003008,169,11341398016,529,35500589056,211,14159970304,149,9999220736,169,11341398016,0.946236559139785,0.946236559139785,1.0443349753694582,1.0443349753694582,0.998109640831758,0.998109640831758,1.004739336492891,1.004739336492891,0.9480286738351255,0.9480286738351255,1.0394088669950738,1.0394088669950738,diskjoin_mecc,diskjoin_mecc,row_major,row_major
24,24,384,0.6666666666666666,degree-16,16.0,high-zipf,1.4,0,20223,lru,future,67108864,67108864,268435456,536870912,764,51271172096,371,24897388544,35,2348810240,358,24024973312,768,51539607552,370,24830279680,38,2550136832,360,24159191040,766,51405389824,365,24494735360,42,2818572288,359,24092082176,1.0052356020942408,1.0052356020942408,0.9973045822102425,0.9973045822102425,1.0026109660574412,1.0026109660574412,1.0136986301369864,1.0136986301369864,1.0026178010471205,1.0026178010471205,0.9838274932614556,0.9838274932614556,row_major,row_major,block_rcm,block_rcm
61,61,61,0.01639344262295082,degree-1,1.0,uniform,0.0,0,1000010,belady,future,67108864,67108864,268435456,536870912,125,8388608000,102,6845104128,11,738197504,12,805306368,101,6777995264,101,6777995264,0,0,0,0,101,6777995264,101,6777995264,0,0,0,0,0.808,0.808,0.9901960784313726,0.9901960784313726,1.0,1.0,1.0,1.0,0.808,0.808,0.9901960784313726,0.9901960784313726,diskjoin_mecc|block_rcm,diskjoin_mecc|block_rcm,diskjoin_mecc|block_rcm,diskjoin_mecc|block_rcm
61,61,61,0.01639344262295082,degree-1,1.0,uniform,0.0,0,1000010,lru,future,67108864,67108864,268435456,536870912,141,9462349824,103,6912212992,18,1207959552,20,1342177280,101,6777995264,101,6777995264,0,0,0,0,101,6777995264,101,6777995264,0,0,0,0,0.7163120567375887,0.7163120567375887,0.9805825242718447,0.9805825242718447,1.0,1.0,1.0,1.0,0.7163120567375887,0.7163120567375887,0.9805825242718447,0.9805825242718447,diskjoin_mecc|block_rcm,diskjoin_mecc|block_rcm,diskjoin_mecc|block_rcm,diskjoin_mecc|block_rcm
61,61,61,0.01639344262295082,degree-1,1.0,moderate-zipf,0.8,0,1000111,belady,future,67108864,67108864,268435456,536870912,96,6442450944,76,5100273664,10,671088640,10,671088640,86,5771362304,76,5100273664,5,335544320,5,335544320,80,5368709120,76,5100273664,2,134217728,2,134217728,0.8958333333333334,0.8958333333333334,1.0,1.0,1.075,1.075,1.0,1.0,0.8333333333333334,0.8333333333333334,1.0,1.0,block_rcm,block_rcm,row_major|diskjoin_mecc|block_rcm,row_major|diskjoin_mecc|block_rcm
61,61,61,0.01639344262295082,degree-1,1.0,moderate-zipf,0.8,0,1000111,lru,future,67108864,67108864,268435456,536870912,114,7650410496,77,5167382528,18,1207959552,19,1275068416,96,6442450944,76,5100273664,10,671088640,10,671088640,90,6039797760,76,5100273664,7,469762048,7,469762048,0.8421052631578947,0.8421052631578947,0.987012987012987,0.987012987012987,1.0666666666666667,1.0666666666666667,1.0,1.0,0.7894736842105263,0.7894736842105263,0.987012987012987,0.987012987012987,block_rcm,block_rcm,diskjoin_mecc|block_rcm,diskjoin_mecc|block_rcm
61,61,61,0.01639344262295082,degree-1,1.0,high-zipf,1.4,0,1000212,belady,future,67108864,67108864,268435456,536870912,86,5771362304,62,4160749568,12,805306368,12,805306368,84,5637144576,63,4227858432,10,671088640,11,738197504,72,4831838208,62,4160749568,5,335544320,5,335544320,0.9767441860465116,0.9767441860465116,1.0161290322580645,1.0161290322580645,1.1666666666666667,1.1666666666666667,1.0161290322580645,1.0161290322580645,0.8372093023255814,0.8372093023255814,1.0,1.0,block_rcm,block_rcm,row_major|block_rcm,row_major|block_rcm
61,61,61,0.01639344262295082,degree-1,1.0,high-zipf,1.4,0,1000212,lru,future,67108864,67108864,268435456,536870912,100,6710886400,62,4160749568,19,1275068416,19,1275068416,94,6308233216,65,4362076160,13,872415232,16,1073741824,86,5771362304,62,4160749568,12,805306368,12,805306368,0.94,0.94,1.0483870967741935,1.0483870967741935,1.0930232558139534,1.0930232558139534,1.0483870967741935,1.0483870967741935,0.86,0.86,1.0,1.0,block_rcm,block_rcm,row_major|block_rcm,row_major|block_rcm
61,61,244,0.06557377049180328,degree-4,4.0,uniform,0.0,0,1010017,belady,future,67108864,67108864,268435456,536870912,378,25367150592,199,13354663936,68,4563402752,111,7449083904,323,21676163072,173,11609833472,58,3892314112,92,6174015488,346,23219666944,174,11676942336,67,4496293888,105,7046430720,0.8544973544973545,0.8544973544973545,0.8693467336683417,0.8693467336683417,0.9335260115606936,0.9335260115606936,0.9942528735632183,0.9942528735632183,0.9153439153439153,0.9153439153439153,0.8743718592964824,0.8743718592964824,diskjoin_mecc,diskjoin_mecc,diskjoin_mecc,diskjoin_mecc
61,61,244,0.06557377049180328,degree-4,4.0,uniform,0.0,0,1010017,lru,future,67108864,67108864,268435456,536870912,478,32078036992,258,17314086912,42,2818572288,178,11945377792,460,30870077440,210,14092861440,81,5435817984,169,11341398016,482,32346472448,217,14562623488,85,5704253440,180,12079595520,0.9623430962343096,0.9623430962343096,0.813953488372093,0.813953488372093,0.9543568464730291,0.9543568464730291,0.967741935483871,0.967741935483871,1.00836820083682,1.00836820083682,0.8410852713178295,0.8410852713178295,diskjoin_mecc,diskjoin_mecc,diskjoin_mecc,diskjoin_mecc
61,61,244,0.06557377049180328,degree-4,4.0,moderate-zipf,0.8,0,1010118,belady,future,67108864,67108864,268435456,536870912,379,25434259456,207,13891534848,64,4294967296,108,7247757312,338,22682796032,187,12549357568,56,3758096384,95,6375342080,343,23018340352,194,13019119616,57,3825205248,92,6174015488,0.8918205804749341,0.8918205804749341,0.9033816425120773,0.9033816425120773,0.9854227405247813,0.9854227405247813,0.9639175257731959,0.9639175257731959,0.9050131926121372,0.9050131926121372,0.9371980676328503,0.9371980676328503,diskjoin_mecc,diskjoin_mecc,diskjoin_mecc,diskjoin_mecc
61,61,244,0.06557377049180328,degree-4,4.0,moderate-zipf,0.8,0,1010118,lru,future,67108864,67108864,268435456,536870912,489,32816234496,264,17716740096,41,2751463424,184,12348030976,435,29192355840,230,15435038720,48,3221225472,157,10536091648,439,29460791296,240,16106127360,40,2684354560,159,10670309376,0.8895705521472392,0.8895705521472392,0.8712121212121212,0.8712121212121212,0.9908883826879271,0.9908883826879271,0.9583333333333334,0.9583333333333334,0.8977505112474438,0.8977505112474438,0.9090909090909091,0.9090909090909091,diskjoin_mecc,diskjoin_mecc,diskjoin_mecc,diskjoin_mecc
61,61,244,0.06557377049180328,degree-4,4.0,high-zipf,1.4,0,1010219,belady,future,67108864,67108864,268435456,536870912,354,23756537856,219,14696841216,49,3288334336,86,5771362304,329,22078816256,213,14294188032,44,2952790016,72,4831838208,331,22213033984,213,14294188032,47,3154116608,71,4764729344,0.9293785310734464,0.9293785310734464,0.9726027397260274,0.9726027397260274,0.9939577039274925,0.9939577039274925,1.0,1.0,0.9350282485875706,0.9350282485875706,0.9726027397260274,0.9726027397260274,diskjoin_mecc,diskjoin_mecc,diskjoin_mecc|block_rcm,diskjoin_mecc|block_rcm
61,61,244,0.06557377049180328,degree-4,4.0,high-zipf,1.4,0,1010219,lru,future,67108864,67108864,268435456,536870912,469,31474057216,265,17783848960,24,1610612736,180,12079595520,441,29595009024,251,16844324864,24,1610612736,166,11140071424,451,30266097664,263,17649631232,17,1140850688,171,11475615744,0.9402985074626866,0.9402985074626866,0.9471698113207547,0.9471698113207547,0.9778270509977827,0.9778270509977827,0.9543726235741445,0.9543726235741445,0.9616204690831557,0.9616204690831557,0.9924528301886792,0.9924528301886792,diskjoin_mecc,diskjoin_mecc,diskjoin_mecc,diskjoin_mecc
61,61,976,0.26229508196721313,degree-16,16.0,uniform,0.0,0,1020024,belady,future,67108864,67108864,268435456,536870912,1447,97106526208,654,43889197056,276,18522046464,517,34695282688,1515,101669928960,561,37648072704,358,24024973312,596,39996882944,1444,96905199616,636,42681237504,286,19193135104,522,35030827008,1.046993780234969,1.046993780234969,0.8577981651376146,0.8577981651376146,1.049168975069252,1.049168975069252,0.8820754716981132,0.8820754716981132,0.9979267449896337,0.9979267449896337,0.9724770642201835,0.9724770642201835,block_rcm,block_rcm,diskjoin_mecc,diskjoin_mecc
61,61,976,0.26229508196721313,degree-16,16.0,uniform,0.0,0,1020024,lru,future,67108864,67108864,268435456,536870912,1952,130996502528,1021,68518150144,16,1073741824,915,61404610560,1952,130996502528,1007,67578626048,30,2013265920,915,61404610560,1952,130996502528,1007,67578626048,30,2013265920,915,61404610560,1.0,1.0,0.9862879529872673,0.9862879529872673,1.0,1.0,1.0,1.0,1.0,1.0,0.9862879529872673,0.9862879529872673,row_major|diskjoin_mecc|block_rcm,row_major|diskjoin_mecc|block_rcm,diskjoin_mecc|block_rcm,diskjoin_mecc|block_rcm
61,61,976,0.26229508196721313,degree-16,16.0,moderate-zipf,0.8,0,1020125,belady,future,67108864,67108864,268435456,536870912,1374,92207579136,697,46774878208,245,16441671680,432,28991029248,1334,89523224576,679,45566918656,247,16575889408,408,27380416512,1331,89321897984,686,46036680704,246,16508780544,399,26776436736,0.9708879184861717,0.9708879184861717,0.9741750358680057,0.9741750358680057,1.0022539444027048,1.0022539444027048,0.9897959183673469,0.9897959183673469,0.9687045123726347,0.9687045123726347,0.9842180774748924,0.9842180774748924,block_rcm,block_rcm,diskjoin_mecc,diskjoin_mecc
61,61,976,0.26229508196721313,degree-16,16.0,moderate-zipf,0.8,0,1020125,lru,future,67108864,67108864,268435456,536870912,1952,130996502528,975,65431142400,62,4160749568,915,61404610560,1952,130996502528,923,61941481472,114,7650410496,915,61404610560,1952,130996502528,959,64357400576,78,5234491392,915,61404610560,1.0,1.0,0.9466666666666667,0.9466666666666667,1.0,1.0,0.9624608967674662,0.9624608967674662,1.0,1.0,0.9835897435897436,0.9835897435897436,row_major|diskjoin_mecc|block_rcm,row_major|diskjoin_mecc|block_rcm,diskjoin_mecc,diskjoin_mecc
61,61,976,0.26229508196721313,degree-16,16.0,high-zipf,1.4,0,1020226,belady,future,67108864,67108864,268435456,536870912,1339,89858768896,760,51002736640,204,13690208256,375,25165824000,1251,83953188864,734,49257906176,205,13757317120,312,20937965568,1239,83147882496,745,49996103680,200,13421772800,294,19730006016,0.9342793129200896,0.9342793129200896,0.9657894736842105,0.9657894736842105,1.0096852300242132,1.0096852300242132,0.9852348993288591,0.9852348993288591,0.9253174010455564,0.9253174010455564,0.9802631578947368,0.9802631578947368,block_rcm,block_rcm,diskjoin_mecc,diskjoin_mecc
61,61,976,0.26229508196721313,degree-16,16.0,high-zipf,1.4,0,1020226,lru,future,67108864,67108864,268435456,536870912,1948,130728067072,983,65968013312,52,3489660928,913,61270392832,1942,130325413888,940,63082332160,92,6174015488,910,61069066240,1934,129788542976,963,64625836032,65,4362076160,906,60800630784,0.9969199178644764,0.9969199178644764,0.9562563580874873,0.9562563580874873,1.0041365046535677,1.0041365046535677,0.9761163032191069,0.9761163032191069,0.9928131416837782,0.9928131416837782,0.9796541200406917,0.9796541200406917,block_rcm,block_rcm,diskjoin_mecc,diskjoin_mecc
153,153,153,0.006535947712418301,degree-1,1.0,uniform,0.0,0,2000013,belady,future,67108864,67108864,268435456,536870912,323,21676163072,268,17985175552,21,1409286144,34,2281701376,252,16911433728,252,16911433728,0,0,0,0,252,16911433728,252,16911433728,0,0,0,0,0.7801857585139319,0.7801857585139319,0.9402985074626866,0.9402985074626866,1.0,1.0,1.0,1.0,0.7801857585139319,0.7801857585139319,0.9402985074626866,0.9402985074626866,diskjoin_mecc|block_rcm,diskjoin_mecc|block_rcm,diskjoin_mecc|block_rcm,diskjoin_mecc|block_rcm
153,153,153,0.006535947712418301,degree-1,1.0,uniform,0.0,0,2000013,lru,future,67108864,67108864,268435456,536870912,358,24024973312,277,18589155328,28,1879048192,53,3556769792,252,16911433728,252,16911433728,0,0,0,0,252,16911433728,252,16911433728,0,0,0,0,0.7039106145251397,0.7039106145251397,0.9097472924187726,0.9097472924187726,1.0,1.0,1.0,1.0,0.7039106145251397,0.7039106145251397,0.9097472924187726,0.9097472924187726,diskjoin_mecc|block_rcm,diskjoin_mecc|block_rcm,diskjoin_mecc|block_rcm,diskjoin_mecc|block_rcm
153,153,153,0.006535947712418301,degree-1,1.0,moderate-zipf,0.8,0,2000114,belady,future,67108864,67108864,268435456,536870912,261,17515413504,203,13623099392,25,1677721600,33,2214592512,226,15166603264,194,13019119616,13,872415232,19,1275068416,222,14898167808,184,12348030976,19,1275068416,19,1275068416,0.8659003831417624,0.8659003831417624,0.9556650246305419,0.9556650246305419,1.018018018018018,1.018018018018018,1.0543478260869565,1.0543478260869565,0.8505747126436781,0.8505747126436781,0.9064039408866995,0.9064039408866995,block_rcm,block_rcm,block_rcm,block_rcm
153,153,153,0.006535947712418301,degree-1,1.0,moderate-zipf,0.8,0,2000114,lru,future,67108864,67108864,268435456,536870912,304,20401094656,218,14629732352,25,1677721600,61,4093640704,254,17045651456,201,13488881664,17,1140850688,36,2415919104,250,16777216000,193,12952010752,23,1543503872,34,2281701376,0.8355263157894737,0.8355263157894737,0.9220183486238532,0.9220183486238532,1.016,1.016,1.0414507772020725,1.0414507772020725,0.8223684210526315,0.8223684210526315,0.8853211009174312,0.8853211009174312,block_rcm,block_rcm,block_rcm,block_rcm
153,153,153,0.006535947712418301,degree-1,1.0,high-zipf,1.4,0,2000215,belady,future,67108864,67108864,268435456,536870912,213,14294188032,164,11005853696,18,1207959552,31,2080374784,209,14025752576,163,10938744832,15,1006632960,31,2080374784,200,13421772800,159,10670309376,17,1140850688,24,1610612736,0.9812206572769953,0.9812206572769953,0.9939024390243902,0.9939024390243902,1.045,1.045,1.0251572327044025,1.0251572327044025,0.9389671361502347,0.9389671361502347,0.9695121951219512,0.9695121951219512,block_rcm,block_rcm,block_rcm,block_rcm
153,153,153,0.006535947712418301,degree-1,1.0,high-zipf,1.4,0,2000215,lru,future,67108864,67108864,268435456,536870912,242,16240345088,175,11744051200,18,1207959552,49,3288334336,232,15569256448,172,11542724608,16,1073741824,44,2952790016,230,15435038720,166,11140071424,21,1409286144,43,2885681152,0.9586776859504132,0.9586776859504132,0.9828571428571429,0.9828571428571429,1.008695652173913,1.008695652173913,1.036144578313253,1.036144578313253,0.9504132231404959,0.9504132231404959,0.9485714285714286,0.9485714285714286,block_rcm,block_rcm,block_rcm,block_rcm
153,153,612,0.026143790849673203,degree-4,4.0,uniform,0.0,0,2010020,belady,future,67108864,67108864,268435456,536870912,915,61404610560,591,39661338624,111,7449083904,213,14294188032,766,51405389824,488,32749125632,92,6174015488,186,12482248704,858,57579405312,524,35165044736,112,7516192768,222,14898167808,0.8371584699453551,0.8371584699453551,0.8257191201353637,0.8257191201353637,0.8927738927738927,0.8927738927738927,0.9312977099236641,0.9312977099236641,0.9377049180327869,0.9377049180327869,0.8866328257191202,0.8866328257191202,diskjoin_mecc,diskjoin_mecc,diskjoin_mecc,diskjoin_mecc
153,153,612,0.026143790849673203,degree-4,4.0,uniform,0.0,0,2010020,lru,future,67108864,67108864,268435456,536870912,1219,81805705216,714,47915728896,47,3154116608,458,30735859712,1175,78852915200,553,37111201792,186,12482248704,436,29259464704,1217,81671487488,623,41808822272,137,9193914368,457,30668750848,0.9639048400328137,0.9639048400328137,0.7745098039215687,0.7745098039215687,0.9654889071487264,0.9654889071487264,0.8876404494382022,0.8876404494382022,0.9983593109105825,0.9983593109105825,0.8725490196078431,0.8725490196078431,diskjoin_mecc,diskjoin_mecc,diskjoin_mecc,diskjoin_mecc
153,153,612,0.026143790849673203,degree-4,4.0,moderate-zipf,0.8,0,2010121,belady,future,67108864,67108864,268435456,536870912,920,61740154880,611,41003515904,96,6442450944,213,14294188032,832,55834574848,549,36842766336,90,6039797760,193,12952010752,850,57042534400,551,36976984064,102,6845104128,197,13220446208,0.9043478260869565,0.9043478260869565,0.8985270049099836,0.8985270049099836,0.9788235294117648,0.9788235294117648,0.9963702359346642,0.9963702359346642,0.9239130434782609,0.9239130434782609,0.9018003273322422,0.9018003273322422,diskjoin_mecc,diskjoin_mecc,diskjoin_mecc,diskjoin_mecc
153,153,612,0.026143790849673203,degree-4,4.0,moderate-zipf,0.8,0,2010121,lru,future,67108864,67108864,268435456,536870912,1213,81403052032,719,48251273216,40,2684354560,454,30467424256,1113,74692165632,634,42547019776,75,5033164800,404,27111981056,1105,74155294720,655,43956305920,50,3355443200,400,26843545600,0.9175597691673537,0.9175597691673537,0.8817802503477051,0.8817802503477051,1.0072398190045249,1.0072398190045249,0.9679389312977099,0.9679389312977099,0.910964550700742,0.910964550700742,0.9109874826147427,0.9109874826147427,block_rcm,block_rcm,diskjoin_mecc,diskjoin_mecc
153,153,612,0.026143790849673203,degree-4,4.0,high-zipf,1.4,0,2010222,belady,future,67108864,67108864,268435456,536870912,824,55297703936,601,40332427264,71,4764729344,152,10200547328,791,53083111424,583,39124467712,72,4831838208,136,9126805504,797,53485764608,583,39124467712,71,4764729344,143,9596567552,0.9599514563106796,0.9599514563106796,0.9700499168053245,0.9700499168053245,0.9924717691342535,0.9924717691342535,1.0,1.0,0.9672330097087378,0.9672330097087378,0.9700499168053245,0.9700499168053245,diskjoin_mecc,diskjoin_mecc,diskjoin_mecc|block_rcm,diskjoin_mecc|block_rcm
153,153,612,0.026143790849673203,degree-4,4.0,high-zipf,1.4,0,2010222,lru,future,67108864,67108864,268435456,536870912,1164,78114717696,678,45499809792,29,1946157056,457,30668750848,1116,74893492224,650,43620761600,33,2214592512,433,29058138112,1124,75430363136,660,44291850240,27,1811939328,437,29326573568,0.9587628865979382,0.9587628865979382,0.9587020648967551,0.9587020648967551,0.9928825622775801,0.9928825622775801,0.9848484848484849,0.9848484848484849,0.9656357388316151,0.9656357388316151,0.9734513274336283,0.9734513274336283,diskjoin_mecc,diskjoin_mecc,diskjoin_mecc,diskjoin_mecc
153,153,2448,0.10457516339869281,degree-16,16.0,uniform,0.0,0,2020027,belady,future,67108864,67108864,268435456,536870912,3476,233270411264,1934,129788542976,464,31138512896,1078,72343355392,3725,249980518400,1564,104958263296,744,49928994816,1417,95093260288,3485,233874391040,1850,124151398400,504,33822867456,1131,75900125184,1.0716340621403913,1.0716340621403913,0.8086866597724922,0.8086866597724922,1.0688665710186513,1.0688665710186513,0.8454054054054054,0.8454054054054054,1.0025891829689297,1.0025891829689297,0.9565667011375388,0.9565667011375388,row_major,row_major,diskjoin_mecc,diskjoin_mecc
153,153,2448,0.10457516339869281,degree-16,16.0,uniform,0.0,0,2020027,lru,future,67108864,67108864,268435456,536870912,4896,328564998144,2572,172603998208,29,1946157056,2295,154014842880,4896,328564998144,2549,171060494336,52,3489660928,2295,154014842880,4896,328564998144,2558,171664474112,43,2885681152,2295,154014842880,1.0,1.0,0.9910575427682737,0.9910575427682737,1.0,1.0,0.9964816262705238,0.9964816262705238,1.0,1.0,0.994556765163297,0.994556765163297,row_major|diskjoin_mecc|block_rcm,row_major|diskjoin_mecc|block_rcm,diskjoin_mecc,diskjoin_mecc
153,153,2448,0.10457516339869281,degree-16,16.0,moderate-zipf,0.8,0,2020128,belady,future,67108864,67108864,268435456,536870912,3305,221794795520,2081,139653545984,365,24494735360,859,57646514176,3266,219177549824,1883,126365990912,462,31004295168,921,61807263744,3176,213137752064,2004,134486163456,384,25769803776,788,52881784832,0.9881996974281392,0.9881996974281392,0.9048534358481499,0.9048534358481499,1.028337531486146,1.028337531486146,0.939620758483034,0.939620758483034,0.9609682299546142,0.9609682299546142,0.9629985583853916,0.9629985583853916,block_rcm,block_rcm,diskjoin_mecc,diskjoin_mecc
153,153,2448,0.10457516339869281,degree-16,16.0,moderate-zipf,0.8,0,2020128,lru,future,67108864,67108864,268435456,536870912,4896,328564998144,2548,170993385472,53,3556769792,2295,154014842880,4892,328296562688,2339,156967632896,260,17448304640,2293,153880625152,4896,328564998144,2474,166027329536,127,8522825728,2295,154014842880,0.9991830065359477,0.9991830065359477,0.9179748822605965,0.9179748822605965,0.9991830065359477,0.9991830065359477,0.9454324979789814,0.9454324979789814,1.0,1.0,0.9709576138147566,0.9709576138147566,diskjoin_mecc,diskjoin_mecc,diskjoin_mecc,diskjoin_mecc
153,153,2448,0.10457516339869281,degree-16,16.0,high-zipf,1.4,0,2020229,belady,future,67108864,67108864,268435456,536870912,3141,210788941824,2184,146565758976,294,19730006016,663,44493176832,2956,198373801984,2103,141129940992,309,20736638976,544,36507222016,2964,198910672896,2142,143747186688,292,19595788288,530,35567697920,0.9411015600127348,0.9411015600127348,0.9629120879120879,0.9629120879120879,0.9973009446693657,0.9973009446693657,0.9817927170868347,0.9817927170868347,0.9436485195797517,0.9436485195797517,0.9807692307692307,0.9807692307692307,diskjoin_mecc,diskjoin_mecc,diskjoin_mecc,diskjoin_mecc
153,153,2448,0.10457516339869281,degree-16,16.0,high-zipf,1.4,0,2020229,lru,future,67108864,67108864,268435456,536870912,4890,328162344960,2553,171328929792,45,3019898880,2292,153813516288,4816,323196289024,2432,163208757248,129,8657043456,2255,151330488320,4816,323196289024,2480,166429982720,81,5435817984,2255,151330488320,0.9848670756646217,0.9848670756646217,0.9526047786917352,0.9526047786917352,1.0,1.0,0.9806451612903225,0.9806451612903225,0.9848670756646217,0.9848670756646217,0.9714061887974932,0.9714061887974932,diskjoin_mecc|block_rcm,diskjoin_mecc|block_rcm,diskjoin_mecc,diskjoin_mecc
386,386,386,0.0025906735751295338,degree-1,1.0,uniform,0.0,0,3000016,belady,future,67108864,67108864,268435456,536870912,815,54693724160,694,46573551616,45,3019898880,76,5100273664,627,42077257728,627,42077257728,0,0,0,0,627,42077257728,627,42077257728,0,0,0,0,0.7693251533742331,0.7693251533742331,0.9034582132564841,0.9034582132564841,1.0,1.0,1.0,1.0,0.7693251533742331,0.7693251533742331,0.9034582132564841,0.9034582132564841,diskjoin_mecc|block_rcm,diskjoin_mecc|block_rcm,diskjoin_mecc|block_rcm,diskjoin_mecc|block_rcm
386,386,386,0.0025906735751295338,degree-1,1.0,uniform,0.0,0,3000016,lru,future,67108864,67108864,268435456,536870912,911,61136175104,732,49123688448,37,2483027968,142,9529458688,627,42077257728,627,42077257728,0,0,0,0,627,42077257728,627,42077257728,0,0,0,0,0.6882546652030735,0.6882546652030735,0.8565573770491803,0.8565573770491803,1.0,1.0,1.0,1.0,0.6882546652030735,0.6882546652030735,0.8565573770491803,0.8565573770491803,diskjoin_mecc|block_rcm,diskjoin_mecc|block_rcm,diskjoin_mecc|block_rcm,diskjoin_mecc|block_rcm
386,386,386,0.0025906735751295338,degree-1,1.0,moderate-zipf,0.8,0,3000117,belady,future,67108864,67108864,268435456,536870912,657,44090523648,550,36909875200,34,2281701376,73,4898947072,568,38117834752,500,33554432000,23,1543503872,45,3019898880,562,37715181568,492,33017561088,31,2080374784,39,2617245696,0.8645357686453576,0.8645357686453576,0.9090909090909091,0.9090909090909091,1.01067615658363,1.01067615658363,1.016260162601626,1.016260162601626,0.8554033485540334,0.8554033485540334,0.8945454545454545,0.8945454545454545,block_rcm,block_rcm,block_rcm,block_rcm
386,386,386,0.0025906735751295338,degree-1,1.0,moderate-zipf,0.8,0,3000117,lru,future,67108864,67108864,268435456,536870912,744,49928994816,577,38721814528,27,1811939328,140,9395240960,618,41473277952,515,34561064960,26,1744830464,77,5167382528,610,40936407040,518,34762391552,19,1275068416,73,4898947072,0.8306451612903226,0.8306451612903226,0.8925476603119584,0.8925476603119584,1.0131147540983607,1.0131147540983607,0.9942084942084942,0.9942084942084942,0.8198924731182796,0.8198924731182796,0.8977469670710572,0.8977469670710572,block_rcm,block_rcm,diskjoin_mecc,diskjoin_mecc
386,386,386,0.0025906735751295338,degree-1,1.0,high-zipf,1.4,0,3000218,belady,future,67108864,67108864,268435456,536870912,518,34762391552,420,28185722880,32,2147483648,66,4429185024,498,33420214272,413,27715960832,30,2013265920,55,3690987520,500,33554432000,418,28051505152,30,2013265920,52,3489660928,0.9613899613899614,0.9613899613899614,0.9833333333333333,0.9833333333333333,0.996,0.996,0.9880382775119617,0.9880382775119617,0.9652509652509652,0.9652509652509652,0.9952380952380953,0.9952380952380953,diskjoin_mecc,diskjoin_mecc,diskjoin_mecc,diskjoin_mecc
386,386,386,0.0025906735751295338,degree-1,1.0,high-zipf,1.4,0,3000218,lru,future,67108864,67108864,268435456,536870912,587,39392903168,448,30064771072,17,1140850688,122,8187281408,573,38453379072,437,29326573568,21,1409286144,115,7717519360,575,38587596800,443,29729226752,16,1073741824,116,7784628224,0.9761499148211243,0.9761499148211243,0.9754464285714286,0.9754464285714286,0.9965217391304347,0.9965217391304347,0.9864559819413092,0.9864559819413092,0.979557069846678,0.979557069846678,0.9888392857142857,0.9888392857142857,diskjoin_mecc,diskjoin_mecc,diskjoin_mecc,diskjoin_mecc
386,386,1544,0.010362694300518135,degree-4,4.0,uniform,0.0,0,3010023,belady,future,67108864,67108864,268435456,536870912,2291,153746407424,1654,110998061056,178,11945377792,459,30802968576,1956,131264937984,1352,90731184128,180,12079595520,424,28454158336,2119,142203682816,1456,97710505984,188,12616466432,475,31876710400,0.8537756438236578,0.8537756438236578,0.8174123337363967,0.8174123337363967,0.9230769230769231,0.9230769230769231,0.9285714285714286,0.9285714285714286,0.924923614142296,0.924923614142296,0.8802902055622733,0.8802902055622733,diskjoin_mecc,diskjoin_mecc,diskjoin_mecc,diskjoin_mecc
386,386,1544,0.010362694300518135,degree-4,4.0,uniform,0.0,0,3010023,lru,future,67108864,67108864,268435456,536870912,3079,206628192256,1874,125762011136,49,3288334336,1156,77577846784,2969,199246217216,1499,100596187136,369,24763170816,1101,73886859264,3081,206762409984,1642,110192754688,282,18924699648,1157,77644955648,0.9642741149723937,0.9642741149723937,0.7998932764140875,0.7998932764140875,0.9636481661798117,0.9636481661798117,0.912911084043849,0.912911084043849,1.0006495615459565,1.0006495615459565,0.8762006403415155,0.8762006403415155,diskjoin_mecc,diskjoin_mecc,diskjoin_mecc,diskjoin_mecc
386,386,1544,0.010362694300518135,degree-4,4.0,moderate-zipf,0.8,0,3010124,belady,future,67108864,67108864,268435456,536870912,2258,151531814912,1671,112138911744,172,11542724608,415,27850178560,2034,136499429376,1466,98381594624,165,11072962560,403,27044872192,2125,142606336000,1552,104152956928,165,11072962560,408,27380416512,0.9007971656333038,0.9007971656333038,0.8773189706762418,0.8773189706762418,0.9571764705882353,0.9571764705882353,0.9445876288659794,0.9445876288659794,0.9410983170947741,0.9410983170947741,0.9287851585876721,0.9287851585876721,diskjoin_mecc,diskjoin_mecc,diskjoin_mecc,diskjoin_mecc
386,386,1544,0.010362694300518135,degree-4,4.0,moderate-zipf,0.8,0,3010124,lru,future,67108864,67108864,268435456,536870912,3088,207232172032,1886,126567317504,41,2751463424,1161,77913391104,2780,186562641920,1625,109051904000,148,9932111872,1007,67578626048,2820,189246996480,1738,116635205632,55,3690987520,1027,68920803328,0.9002590673575129,0.9002590673575129,0.8616118769883351,0.8616118769883351,0.9858156028368794,0.9858156028368794,0.9349827387802071,0.9349827387802071,0.9132124352331606,0.9132124352331606,0.9215270413573701,0.9215270413573701,diskjoin_mecc,diskjoin_mecc,diskjoin_mecc,diskjoin_mecc
386,386,1544,0.010362694300518135,degree-4,4.0,high-zipf,1.4,0,3010225,belady,future,67108864,67108864,268435456,536870912,2001,134284836864,1570,105360916480,119,7985954816,312,20937965568,1860,124822487040,1539,103280541696,97,6509559808,224,15032385536,1897,127305515008,1571,105428025344,97,6509559808,229,15367929856,0.9295352323838081,0.9295352323838081,0.9802547770700637,0.9802547770700637,0.9804955192409067,0.9804955192409067,0.9796308084022916,0.9796308084022916,0.9480259870064968,0.9480259870064968,1.0006369426751593,1.0006369426751593,diskjoin_mecc,diskjoin_mecc,diskjoin_mecc,diskjoin_mecc
386,386,1544,0.010362694300518135,degree-4,4.0,high-zipf,1.4,0,3010225,lru,future,67108864,67108864,268435456,536870912,2891,194011725824,1720,115427246080,15,1006632960,1156,77577846784,2813,188777234432,1646,110461190144,50,3355443200,1117,74960601088,2841,190656282624,1695,113749524480,15,1006632960,1131,75900125184,0.9730197163611207,0.9730197163611207,0.9569767441860465,0.9569767441860465,0.9901443153819077,0.9901443153819077,0.9710914454277286,0.9710914454277286,0.9827049463853338,0.9827049463853338,0.9854651162790697,0.9854651162790697,diskjoin_mecc,diskjoin_mecc,diskjoin_mecc,diskjoin_mecc
386,386,6176,0.04145077720207254,degree-16,16.0,uniform,0.0,0,3020030,belady,future,67108864,67108864,268435456,536870912,8256,554050781184,5464,366682832896,733,49190797312,2059,138177150976,8982,602771816448,4554,305613766656,1327,89053462528,3101,208104587264,8146,546668806144,5285,354670346240,771,51740934144,2090,140257525760,1.087936046511628,1.087936046511628,0.8334553440702782,0.8334553440702782,1.1026270562239135,1.1026270562239135,0.8616840113528855,0.8616840113528855,0.9866763565891473,0.9866763565891473,0.9672401171303074,0.9672401171303074,block_rcm,block_rcm,diskjoin_mecc,diskjoin_mecc
386,386,6176,0.04145077720207254,degree-16,16.0,uniform,0.0,0,3020030,lru,future,67108864,67108864,268435456,536870912,12352,828928688128,6522,437684011008,40,2684354560,5790,388560322560,12350,828794470400,6467,433993023488,94,6308233216,5789,388493213696,12352,828928688128,6517,437348466688,45,3019898880,5790,388560322560,0.9998380829015544,0.9998380829015544,0.9915670039865072,0.9915670039865072,0.9998380829015544,0.9998380829015544,0.9923277581709375,0.9923277581709375,1.0,1.0,0.9992333639987734,0.9992333639987734,diskjoin_mecc,diskjoin_mecc,diskjoin_mecc,diskjoin_mecc
386,386,6176,0.04145077720207254,degree-16,16.0,moderate-zipf,0.8,0,3020131,belady,future,67108864,67108864,268435456,536870912,7990,536199823360,5669,380440150016,619,41540386816,1702,114219286528,7956,533918121984,5267,353462386688,769,51606716416,1920,128849018880,7763,520966111232,5525,370776473600,608,40802189312,1630,109387448320,0.9957446808510638,0.9957446808510638,0.9290880225789381,0.9290880225789381,1.0248615226072395,1.0248615226072395,0.9533031674208144,0.9533031674208144,0.9715894868585733,0.9715894868585733,0.974598694655142,0.974598694655142,block_rcm,block_rcm,diskjoin_mecc,diskjoin_mecc
386,386,6176,0.04145077720207254,degree-16,16.0,moderate-zipf,0.8,0,3020131,lru,future,67108864,67108864,268435456,536870912,12352,828928688128,6491,435603636224,71,4764729344,5790,388560322560,12348,828660252672,6156,413122166784,404,27111981056,5788,388426104832,12352,828928688128,6321,424195129344,241,16173236224,5790,388560322560,0.9996761658031088,0.9996761658031088,0.9483900785703282,0.9483900785703282,0.9996761658031088,0.9996761658031088,0.9738965353583294,0.9738965353583294,1.0,1.0,0.9738098906177785,0.9738098906177785,diskjoin_mecc,diskjoin_mecc,diskjoin_mecc,diskjoin_mecc
386,386,6176,0.04145077720207254,degree-16,16.0,high-zipf,1.4,0,3020232,belady,future,67108864,67108864,268435456,536870912,7465,500967669760,5992,402116313088,404,27111981056,1069,71739375616,7158,480365248512,5794,388828758016,409,27447525376,955,64088965120,7212,483989127168,5853,392788180992,412,27648851968,947,63552094208,0.9588747488278634,0.9588747488278634,0.9669559412550067,0.9669559412550067,0.9925124792013311,0.9925124792013311,0.9899196992995045,0.9899196992995045,0.9661085063630275,0.9661085063630275,0.9768024032042724,0.9768024032042724,diskjoin_mecc,diskjoin_mecc,diskjoin_mecc,diskjoin_mecc
386,386,6176,0.04145077720207254,degree-16,16.0,high-zipf,1.4,0,3020232,lru,future,67108864,67108864,268435456,536870912,12350,828794470400,6516,437281357824,45,3019898880,5789,388493213696,12130,814030520320,6281,421510774784,170,11408506880,5679,381111238656,12132,814164738048,6364,427080810496,88,5905580032,5680,381178347520,0.9821862348178138,0.9821862348178138,0.9639349294045426,0.9639349294045426,0.9998351467194198,0.9998351467194198,0.9869578881206789,0.9869578881206789,0.9823481781376519,0.9823481781376519,0.9766728054020871,0.9766728054020871,diskjoin_mecc,diskjoin_mecc,diskjoin_mecc,diskjoin_mecc
975,975,975,0.0010256410256410256,degree-1,1.0,uniform,0.0,0,4000019,belady,future,67108864,67108864,268435456,536870912,2075,139250892800,1842,123614527488,67,4496293888,166,11140071424,1594,106971529216,1594,106971529216,0,0,0,0,1594,106971529216,1594,106971529216,0,0,0,0,0.7681927710843374,0.7681927710843374,0.8653637350705755,0.8653637350705755,1.0,1.0,1.0,1.0,0.7681927710843374,0.7681927710843374,0.8653637350705755,0.8653637350705755,diskjoin_mecc|block_rcm,diskjoin_mecc|block_rcm,diskjoin_mecc|block_rcm,diskjoin_mecc|block_rcm
975,975,975,0.0010256410256410256,degree-1,1.0,uniform,0.0,0,4000019,lru,future,67108864,67108864,268435456,536870912,2300,154350387200,1917,128647692288,30,2013265920,353,23689428992,1594,106971529216,1594,106971529216,0,0,0,0,1594,106971529216,1594,106971529216,0,0,0,0,0.6930434782608695,0.6930434782608695,0.8315075639019301,0.8315075639019301,1.0,1.0,1.0,1.0,0.6930434782608695,0.6930434782608695,0.8315075639019301,0.8315075639019301,diskjoin_mecc|block_rcm,diskjoin_mecc|block_rcm,diskjoin_mecc|block_rcm,diskjoin_mecc|block_rcm
975,975,975,0.0010256410256410256,degree-1,1.0,moderate-zipf,0.8,0,4000120,belady,future,67108864,67108864,268435456,536870912,1638,109924319232,1401,94019518464,70,4697620480,167,11207180288,1426,95697240064,1287,86369107968,42,2818572288,97,6509559808,1417,95093260288,1305,87577067520,42,2818572288,70,4697620480,0.8705738705738706,0.8705738705738706,0.9186295503211992,0.9186295503211992,1.0063514467184191,1.0063514467184191,0.9862068965517241,0.9862068965517241,0.8650793650793651,0.8650793650793651,0.9314775160599572,0.9314775160599572,block_rcm,block_rcm,diskjoin_mecc,diskjoin_mecc
975,975,975,0.0010256410256410256,degree-1,1.0,moderate-zipf,0.8,0,4000120,lru,future,67108864,67108864,268435456,536870912,1878,126030446592,1474,98918465536,36,2415919104,368,24696061952,1598,107239964672,1327,89053462528,43,2885681152,228,15300820992,1592,106837311488,1347,90395639808,20,1342177280,225,15099494400,0.8509052183173589,0.8509052183173589,0.9002713704206241,0.9002713704206241,1.0037688442211055,1.0037688442211055,0.9851521900519673,0.9851521900519673,0.8477103301384451,0.8477103301384451,0.9138398914518318,0.9138398914518318,block_rcm,block_rcm,diskjoin_mecc,diskjoin_mecc
975,975,975,0.0010256410256410256,degree-1,1.0,high-zipf,1.4,0,4000221,belady,future,67108864,67108864,268435456,536870912,1221,81939922944,1063,71336722432,47,3154116608,111,7449083904,1175,78852915200,1053,70665633792,40,2684354560,82,5502926848,1184,79456894976,1060,71135395840,44,2952790016,80,5368709120,0.9623259623259623,0.9623259623259623,0.9905926622765757,0.9905926622765757,0.9923986486486487,0.9923986486486487,0.9933962264150943,0.9933962264150943,0.9696969696969697,0.9696969696969697,0.9971777986829727,0.9971777986829727,diskjoin_mecc,diskjoin_mecc,diskjoin_mecc,diskjoin_mecc
975,975,975,0.0010256410256410256,degree-1,1.0,high-zipf,1.4,0,4000221,lru,future,67108864,67108864,268435456,536870912,1444,96905199616,1119,75094818816,11,738197504,314,21072183296,1424,95563022336,1089,73081552896,31,2080374784,304,20401094656,1428,95831457792,1112,74625056768,10,671088640,306,20535312384,0.9861495844875346,0.9861495844875346,0.9731903485254692,0.9731903485254692,0.9971988795518207,0.9971988795518207,0.97931654676259,0.97931654676259,0.9889196675900277,0.9889196675900277,0.9937444146559428,0.9937444146559428,diskjoin_mecc,diskjoin_mecc,diskjoin_mecc,diskjoin_mecc
975,975,3900,0.0041025641025641026,degree-4,4.0,uniform,0.0,0,4010026,belady,future,67108864,67108864,268435456,536870912,5617,376950489088,4408,295815872512,297,19931332608,912,61203283968,4718,316619620352,3643,244477591552,258,17314086912,817,54827941888,5136,344671125504,3914,262664093696,309,20736638976,913,61270392832,0.8399501513263308,0.8399501513263308,0.8264519056261344,0.8264519056261344,0.918613707165109,0.918613707165109,0.930761369443025,0.930761369443025,0.9143670998753783,0.9143670998753783,0.8879310344827587,0.8879310344827587,diskjoin_mecc,diskjoin_mecc,diskjoin_mecc,diskjoin_mecc
975,975,3900,0.0041025641025641026,degree-4,4.0,uniform,0.0,0,4010026,lru,future,67108864,67108864,268435456,536870912,7807,523918901248,4798,321988329472,70,4697620480,2939,197232951296,7501,503383588864,3881,260449501184,834,55968792576,2786,186965295104,7805,523784683520,4267,286353522688,600,40265318400,2938,197165842432,0.9608044063020367,0.9608044063020367,0.8088786994581075,0.8088786994581075,0.9610506085842409,0.9610506085842409,0.9095383173189595,0.9095383173189595,0.9997438196490329,0.9997438196490329,0.8893288870362651,0.8893288870362651,diskjoin_mecc,diskjoin_mecc,diskjoin_mecc,diskjoin_mecc
975,975,3900,0.0041025641025641026,degree-4,4.0,moderate-zipf,0.8,0,4010127,belady,future,67108864,67108864,268435456,536870912,5588,375004332032,4461,299372642304,272,18253611008,855,57378078720,4964,333128400896,3916,262798311424,265,17783848960,783,52546240512,5139,344872452096,4130,277159608320,253,16978542592,756,50734301184,0.8883321403006442,0.8883321403006442,0.8778300829410446,0.8778300829410446,0.9659466822338977,0.9659466822338977,0.94818401937046,0.94818401937046,0.9196492483894059,0.9196492483894059,0.9258013898229097,0.9258013898229097,diskjoin_mecc,diskjoin_mecc,diskjoin_mecc,diskjoin_mecc
975,975,3900,0.0041025641025641026,degree-4,4.0,moderate-zipf,0.8,0,4010127,lru,future,67108864,67108864,268435456,536870912,7806,523851792384,4820,323464724480,52,3489660928,2934,196897406976,7064,474057015296,4219,283132297216,282,18924699648,2563,172000018432,7100,476472934400,4435,297627811840,84,5637144576,2581,173207977984,0.9049449141685882,0.9049449141685882,0.8753112033195021,0.8753112033195021,0.9949295774647887,0.9949295774647887,0.9512965050732807,0.9512965050732807,0.9095567512170125,0.9095567512170125,0.9201244813278008,0.9201244813278008,diskjoin_mecc,diskjoin_mecc,diskjoin_mecc,diskjoin_mecc
975,975,3900,0.0041025641025641026,degree-4,4.0,high-zipf,1.4,0,4010228,belady,future,67108864,67108864,268435456,536870912,4709,316015640576,4066,272864641024,160,10737418240,483,32413581312,4479,300580601856,3981,267160387584,142,9529458688,356,23890755584,4585,307694141440,4030,270448721920,148,9932111872,407,27313307648,0.9511573582501592,0.9511573582501592,0.9790949335956715,0.9790949335956715,0.9768811341330426,0.9768811341330426,0.9878411910669975,0.9878411910669975,0.9736674453174772,0.9736674453174772,0.9911460895228726,0.9911460895228726,diskjoin_mecc,diskjoin_mecc,diskjoin_mecc,diskjoin_mecc
975,975,3900,0.0041025641025641026,degree-4,4.0,high-zipf,1.4,0,4010228,lru,future,67108864,67108864,268435456,536870912,7214,484123344896,4271,286621958144,18,1207959552,2925,196293427200,7072,474593886208,4149,278434676736,69,4630511616,2854,191528697856,7108,477009805312,4218,283065188352,18,1207959552,2872,192736657408,0.980316052120876,0.980316052120876,0.971435261062983,0.971435261062983,0.9949352841868317,0.9949352841868317,0.9836415362731152,0.9836415362731152,0.9853063487662878,0.9853063487662878,0.9875907281667057,0.9875907281667057,diskjoin_mecc,diskjoin_mecc,diskjoin_mecc,diskjoin_mecc
975,975,15600,0.01641025641025641,degree-16,16.0,uniform,0.0,0,4020033,belady,future,67108864,67108864,268435456,536870912,19922,1336942788608,14804,993479622656,1177,78987132928,3941,264476033024,21835,1465322045440,12354,829062905856,2599,174415937536,6882,461843202048,19705,1322380165120,14116,947308724224,1330,89254789120,4259,285816651776,1.096024495532577,1.096024495532577,0.8345041880572818,0.8345041880572818,1.1080943922862219,1.1080943922862219,0.8751771039954661,0.8751771039954661,0.9891075193253689,0.9891075193253689,0.9535260740340449,0.9535260740340449,block_rcm,block_rcm,diskjoin_mecc,diskjoin_mecc
975,975,15600,0.01641025641025641,degree-16,16.0,uniform,0.0,0,4020033,lru,future,67108864,67108864,268435456,536870912,31200,2093796556800,16533,1109510848512,42,2818572288,14625,981467136000,31200,2093796556800,16403,1100786696192,172,11542724608,14625,981467136000,31200,2093796556800,16476,1105685643264,99,6643777536,14625,981467136000,1.0,1.0,0.9921369382447227,0.9921369382447227,1.0,1.0,0.995569312940034,0.995569312940034,1.0,1.0,0.996552349845763,0.996552349845763,row_major|diskjoin_mecc|block_rcm,row_major|diskjoin_mecc|block_rcm,diskjoin_mecc,diskjoin_mecc
975,975,15600,0.01641025641025641,degree-16,16.0,moderate-zipf,0.8,0,4020134,belady,future,67108864,67108864,268435456,536870912,19322,1296677470208,15152,1016833507328,970,65095598080,3200,214748364800,19271,1293254918144,13933,935027802112,1389,93214212096,3949,265012903936,18859,1265606066176,14613,980661829632,1034,69390565376,3212,215553671168,0.9973605216851258,0.9973605216851258,0.9195485744456178,0.9195485744456178,1.0218463333156582,1.0218463333156582,0.9534660918360364,0.9534660918360364,0.9760376772590829,0.9760376772590829,0.9644271383315733,0.9644271383315733,block_rcm,block_rcm,diskjoin_mecc,diskjoin_mecc
975,975,15600,0.01641025641025641,degree-16,16.0,moderate-zipf,0.8,0,4020134,lru,future,67108864,67108864,268435456,536870912,31198,2093662339072,16507,1107766018048,67,4496293888,14624,981400027136,31176,2092185944064,15635,1049247088640,928,62277025792,14613,980661829632,31200,2093796556800,16004,1074010259456,571,38319161344,14625,981467136000,0.9992948265914482,0.9992948265914482,0.9471739262131217,0.9471739262131217,0.9992307692307693,0.9992307692307693,0.976943264183954,0.976943264183954,1.0000641066735048,1.0000641066735048,0.9695280789967893,0.9695280789967893,diskjoin_mecc,diskjoin_mecc,diskjoin_mecc,diskjoin_mecc
975,975,15600,0.01641025641025641,degree-16,16.0,high-zipf,1.4,0,4020235,belady,future,67108864,67108864,268435456,536870912,18136,1217086357504,15750,1056964608000,574,38520487936,1812,121601261568,17556,1178163216384,15271,1024819462144,613,41137733632,1672,112206020608,17604,1181384441856,15444,1036429295616,574,38520487936,1586,106434658304,0.9680194089104543,0.9680194089104543,0.9695873015873016,0.9695873015873016,0.9972733469665985,0.9972733469665985,0.9887982387982388,0.9887982387982388,0.970666078517865,0.970666078517865,0.9805714285714285,0.9805714285714285,diskjoin_mecc,diskjoin_mecc,diskjoin_mecc,diskjoin_mecc
975,975,15600,0.01641025641025641,degree-16,16.0,high-zipf,1.4,0,4020235,lru,future,67108864,67108864,268435456,536870912,31192,2093259685888,16543,1110181937152,28,1879048192,14621,981198700544,30630,2055544504320,16060,1077768355840,230,15435038720,14340,962341109760,30654,2057155117056,16194,1086760943616,108,7247757312,14352,963146416128,0.9819825596306745,0.9819825596306745,0.9708033609381611,0.9708033609381611,0.999217067919358,0.999217067919358,0.9917253303692726,0.9917253303692726,0.9827519876891511,0.9827519876891511,0.9789034637006588,0.9789034637006588,diskjoin_mecc,diskjoin_mecc,diskjoin_mecc,diskjoin_mecc
2462,2462,2462,0.00040617384240454913,degree-1,1.0,uniform,0.0,0,5000022,belady,future,67108864,67108864,268435456,536870912,5178,347489697792,4730,317424926720,122,8187281408,326,21877489664,3997,268234129408,3997,268234129408,0,0,0,0,3997,268234129408,3997,268234129408,0,0,0,0,0.7719196601004249,0.7719196601004249,0.8450317124735729,0.8450317124735729,1.0,1.0,1.0,1.0,0.7719196601004249,0.7719196601004249,0.8450317124735729,0.8450317124735729,diskjoin_mecc|block_rcm,diskjoin_mecc|block_rcm,diskjoin_mecc|block_rcm,diskjoin_mecc|block_rcm
2462,2462,2462,0.00040617384240454913,degree-1,1.0,uniform,0.0,0,5000022,lru,future,67108864,67108864,268435456,536870912,5845,392251310080,4878,327357038592,43,2885681152,924,62008590336,3997,268234129408,3997,268234129408,0,0,0,0,3997,268234129408,3997,268234129408,0,0,0,0,0.6838323353293413,0.6838323353293413,0.8193931939319393,0.8193931939319393,1.0,1.0,1.0,1.0,0.6838323353293413,0.6838323353293413,0.8193931939319393,0.8193931939319393,diskjoin_mecc|block_rcm,diskjoin_mecc|block_rcm,diskjoin_mecc|block_rcm,diskjoin_mecc|block_rcm
2462,2462,2462,0.00040617384240454913,degree-1,1.0,moderate-zipf,0.8,0,5000123,belady,future,67108864,67108864,268435456,536870912,3992,267898585088,3584,240518168576,110,7381975040,298,19998441472,3523,236424527872,3266,219177549824,65,4362076160,192,12884901888,3541,237632487424,3311,222197448704,74,4966055936,156,10468982784,0.8825150300601202,0.8825150300601202,0.9112723214285714,0.9112723214285714,0.9949166902005083,0.9949166902005083,0.986408939897312,0.986408939897312,0.8870240480961924,0.8870240480961924,0.923828125,0.923828125,diskjoin_mecc,diskjoin_mecc,diskjoin_mecc,diskjoin_mecc
2462,2462,2462,0.00040617384240454913,degree-1,1.0,moderate-zipf,0.8,0,5000123,lru,future,67108864,67108864,268435456,536870912,4699,315344551936,3724,249913409536,38,2550136832,937,62881005568,4033,270650048512,3345,224479150080,84,5637144576,604,40533753856,4023,269978959872,3398,228035919872,26,1744830464,599,40198209536,0.8582677165354331,0.8582677165354331,0.8982277121374865,0.8982277121374865,1.0024857071836937,1.0024857071836937,0.9844025897586816,0.9844025897586816,0.8561396041711002,0.8561396041711002,0.9124597207303974,0.9124597207303974,block_rcm,block_rcm,diskjoin_mecc,diskjoin_mecc
2462,2462,2462,0.00040617384240454913,degree-1,1.0,high-zipf,1.4,0,5000224,belady,future,67108864,67108864,268435456,536870912,2931,196696080384,2662,178643795968,71,4764729344,198,13287555072,2831,189985193984,2639,177100292096,57,3825205248,135,9059696640,2842,190723391488,2651,177905598464,67,4496293888,124,8321499136,0.9658819515523712,0.9658819515523712,0.9913598797896318,0.9913598797896318,0.9961294862772695,0.9961294862772695,0.995473406261788,0.995473406261788,0.9696349368816104,0.9696349368816104,0.9958677685950413,0.9958677685950413,diskjoin_mecc,diskjoin_mecc,diskjoin_mecc,diskjoin_mecc
2462,2462,2462,0.00040617384240454913,degree-1,1.0,high-zipf,1.4,0,5000224,lru,future,67108864,67108864,268435456,536870912,3576,239981297664,2752,184683593728,15,1006632960,809,54291070976,3516,235954765824,2703,181395259392,34,2281701376,779,52277805056,3536,237296943104,2732,183341416448,15,1006632960,789,52948893696,0.9832214765100671,0.9832214765100671,0.9821947674418605,0.9821947674418605,0.994343891402715,0.994343891402715,0.989385065885798,0.989385065885798,0.9888143176733781,0.9888143176733781,0.9927325581395349,0.9927325581395349,diskjoin_mecc,diskjoin_mecc,diskjoin_mecc,diskjoin_mecc
2462,2462,9848,0.0016246953696181965,degree-4,4.0,uniform,0.0,0,5010029,belady,future,67108864,67108864,268435456,536870912,13747,922545553408,11558,775644250112,479,32145145856,1710,114756157440,11488,770946629632,9488,636728901632,433,29058138112,1567,105159589888,12516,839934541824,10273,689409359872,493,33084669952,1750,117440512000,0.8356732377973376,0.8356732377973376,0.8209032704620176,0.8209032704620176,0.9178651326302333,0.9178651326302333,0.9235860994840845,0.9235860994840845,0.9104531897868626,0.9104531897868626,0.8888215954317356,0.8888215954317356,diskjoin_mecc,diskjoin_mecc,diskjoin_mecc,diskjoin_mecc
2462,2462,9848,0.0016246953696181965,degree-4,4.0,uniform,0.0,0,5010029,lru,future,67108864,67108864,268435456,536870912,19728,1323923668992,12239,821345386496,64,4294967296,7425,498283315200,19004,1275336851456,9906,664780406784,2035,136566538240,7063,473989906432,19730,1324057886720,10856,728533827584,1448,97173635072,7426,498350424064,0.963300892133009,0.963300892133009,0.8093798512950404,0.8093798512950404,0.9632032437911809,0.9632032437911809,0.9124907885040531,0.9124907885040531,1.0001013787510138,1.0001013787510138,0.8870005719421521,0.8870005719421521,diskjoin_mecc,diskjoin_mecc,diskjoin_mecc,diskjoin_mecc
2462,2462,9848,0.0016246953696181965,degree-4,4.0,moderate-zipf,0.8,0,5010130,belady,future,67108864,67108864,268435456,536870912,13639,915297796096,11639,781080068096,449,30131879936,1551,104085848064,12101,812084363264,10202,684644630528,428,28722593792,1471,98717138944,12500,838860800000,10713,718937260032,414,27783069696,1373,92140470272,0.8872351345406555,0.8872351345406555,0.8765357848612424,0.8765357848612424,0.96808,0.96808,0.9523009427798003,0.9523009427798003,0.9164894787007846,0.9164894787007846,0.9204399003350804,0.9204399003350804,diskjoin_mecc,diskjoin_mecc,diskjoin_mecc,diskjoin_mecc
2462,2462,9848,0.0016246953696181965,degree-4,4.0,moderate-zipf,0.8,0,5010130,lru,future,67108864,67108864,268435456,536870912,19732,1324192104448,12268,823291543552,39,2617245696,7425,498283315200,17702,1187961110528,10743,720950525952,549,36842766336,6410,430167818240,17958,1205140979712,11254,755243155456,166,11140071424,6538,438757752832,0.8971214271234543,0.8971214271234543,0.8756928594717965,0.8756928594717965,0.9857445149793964,0.9857445149793964,0.9545939221610095,0.9545939221610095,0.9100952767078857,0.9100952767078857,0.9173459406586241,0.9173459406586241,diskjoin_mecc,diskjoin_mecc,diskjoin_mecc,diskjoin_mecc
2462,2462,9848,0.0016246953696181965,degree-4,4.0,high-zipf,1.4,0,5010231,belady,future,67108864,67108864,268435456,536870912,11298,758195945472,10294,690818646016,234,15703474176,770,51673825280,10988,737392197632,10130,679812792320,222,14898167808,636,42681237504,11103,745109716992,10245,687530311680,209,14025752576,649,43553652736,0.9725615153124447,0.9725615153124447,0.9840683893530212,0.9840683893530212,0.9896424389804558,0.9896424389804558,0.9887750122010737,0.9887750122010737,0.9827403080191184,0.9827403080191184,0.9952399455993782,0.9952399455993782,diskjoin_mecc,diskjoin_mecc,diskjoin_mecc,diskjoin_mecc
2462,2462,9848,0.0016246953696181965,degree-4,4.0,high-zipf,1.4,0,5010231,lru,future,67108864,67108864,268435456,536870912,18014,1208899076096,10604,711622393856,24,1610612736,7386,495666069504,17804,1194806214656,10414,698871709696,109,7314866176,7281,488619638784,17852,1198027440128,10517,705783922688,30,2013265920,7305,490230251520,0.9883424003552792,0.9883424003552792,0.9820822331195775,0.9820822331195775,0.9973112256329822,0.9973112256329822,0.9902063326043549,0.9902063326043549,0.9910069945597868,0.9910069945597868,0.9917955488494907,0.9917955488494907,diskjoin_mecc,diskjoin_mecc,diskjoin_mecc,diskjoin_mecc
2462,2462,39392,0.006498781478472786,degree-16,16.0,uniform,0.0,0,5020036,belady,future,67108864,67108864,268435456,536870912,48144,3230889148416,38961,2614628450304,1892,126969970688,7291,489290727424,51567,3460602789888,33966,2279419674624,4185,280850595840,13416,900332519424,47216,3168612122624,37242,2499268313088,2083,139787763712,7891,529556045824,1.0710992023928216,1.0710992023928216,0.8717948717948718,0.8717948717948718,1.0921509657743138,1.0921509657743138,0.9120347994200096,0.9120347994200096,0.9807244931871053,0.9807244931871053,0.9558789558789559,0.9558789558789559,block_rcm,block_rcm,diskjoin_mecc,diskjoin_mecc
2462,2462,39392,0.006498781478472786,degree-16,16.0,uniform,0.0,0,5020036,lru,future,67108864,67108864,268435456,536870912,78784,5287104741376,41815,2806157148160,39,2617245696,36930,2478330347520,78782,5286970523648,41500,2785017856000,353,23689428992,36929,2478263238656,78782,5286970523648,41638,2794278879232,215,14428405760,36929,2478263238656,0.9999746141348497,0.9999746141348497,0.9924668181274662,0.9924668181274662,1.0,1.0,0.9966857197752054,0.9966857197752054,0.9999746141348497,0.9999746141348497,0.9957670692335286,0.9957670692335286,diskjoin_mecc|block_rcm,diskjoin_mecc|block_rcm,diskjoin_mecc,diskjoin_mecc
2462,2462,39392,0.006498781478472786,degree-16,16.0,moderate-zipf,0.8,0,5020137,belady,future,67108864,67108864,268435456,536870912,47130,3162840760320,39519,2652075196416,1590,106703093760,6021,404062470144,47056,3157874704384,36568,2454036938752,2414,162000797696,8074,541836967936,46020,3088349921280,38092,2556310847488,1677,112541564928,6251,419497508864,0.9984298748143433,0.9984298748143433,0.9253270578708975,0.9253270578708975,1.0225119513255105,1.0225119513255105,0.9599915992859394,0.9599915992859394,0.9764481222151495,0.9764481222151495,0.96389078671019,0.96389078671019,block_rcm,block_rcm,diskjoin_mecc,diskjoin_mecc
2462,2462,39392,0.006498781478472786,degree-16,16.0,moderate-zipf,0.8,0,5020137,lru,future,67108864,67108864,268435456,536870912,78784,5287104741376,41789,2804412317696,65,4362076160,36930,2478330347520,78670,5279454330880,39834,2673214488576,1963,131734700032,36873,2474505142272,78782,5286970523648,40528,2719788040192,1325,88919244800,36929,2478263238656,0.9985530056864338,0.9985530056864338,0.953217353849099,0.953217353849099,0.9985783554619075,0.9985783554619075,0.9828760363205685,0.9828760363205685,0.9999746141348497,0.9999746141348497,0.969824594989112,0.969824594989112,diskjoin_mecc,diskjoin_mecc,diskjoin_mecc,diskjoin_mecc
2462,2462,39392,0.006498781478472786,degree-16,16.0,high-zipf,1.4,0,5020238,belady,future,67108864,67108864,268435456,536870912,44158,2963393216512,40286,2703547695104,865,58049167360,3007,201796354048,43060,2889707683840,39236,2633083387904,932,62545461248,2892,194078834688,43096,2892123602944,39679,2662812614656,809,54291070976,2608,175019917312,0.9751347434213506,0.9751347434213506,0.9739363550613116,0.9739363550613116,0.9991646556524968,0.9991646556524968,0.9888354041180474,0.9888354041180474,0.9759499977354047,0.9759499977354047,0.9849327309735392,0.9849327309735392,diskjoin_mecc,diskjoin_mecc,diskjoin_mecc,diskjoin_mecc
2462,2462,39392,0.006498781478472786,degree-16,16.0,high-zipf,1.4,0,5020238,lru,future,67108864,67108864,268435456,536870912,78422,5262811332608,41454,2781930848256,43,2885681152,36925,2477994803200,77208,5181341171712,40480,2716566814720,410,27514634240,36318,2437259722752,77232,5182951784448,40772,2736162603008,130,8724152320,36330,2438065029120,0.9845196500981868,0.9845196500981868,0.9765040768080282,0.9765040768080282,0.9996892479801118,0.9996892479801118,0.9928382223094281,0.9928382223094281,0.984825686669557,0.984825686669557,0.9835480291407344,0.9835480291407344,diskjoin_mecc,diskjoin_mecc,diskjoin_mecc,diskjoin_mecc
6214,6214,6214,0.000160926939169617,degree-1,1.0,uniform,0.0,0,6000025,belady,future,67108864,67108864,268435456,536870912,12914,866643869696,12140,814701608960,180,12079595520,594,39862665216,10166,682228711424,10166,682228711424,0,0,0,0,10166,682228711424,10166,682228711424,0,0,0,0,0.7872076815858758,0.7872076815858758,0.8373970345963756,0.8373970345963756,1.0,1.0,1.0,1.0,0.7872076815858758,0.7872076815858758,0.8373970345963756,0.8373970345963756,diskjoin_mecc|block_rcm,diskjoin_mecc|block_rcm,diskjoin_mecc|block_rcm,diskjoin_mecc|block_rcm
6214,6214,6214,0.000160926939169617,degree-1,1.0,uniform,0.0,0,6000025,lru,future,67108864,67108864,268435456,536870912,14684,985426558976,12388,831344607232,37,2483027968,2259,151598923776,10166,682228711424,10166,682228711424,0,0,0,0,10166,682228711424,10166,682228711424,0,0,0,0,0.6923181694361209,0.6923181694361209,0.8206328705198579,0.8206328705198579,1.0,1.0,1.0,1.0,0.6923181694361209,0.6923181694361209,0.8206328705198579,0.8206328705198579,diskjoin_mecc|block_rcm,diskjoin_mecc|block_rcm,diskjoin_mecc|block_rcm,diskjoin_mecc|block_rcm
6214,6214,6214,0.000160926939169617,degree-1,1.0,moderate-zipf,0.8,0,6000126,belady,future,67108864,67108864,268435456,536870912,9895,664042209280,9141,613442125824,179,12012486656,575,38587596800,8766,588276301824,8318,558211530752,104,6979321856,344,23085449216,8857,594383208448,8451,567137009664,118,7918845952,288,19327352832,0.8859019706922688,0.8859019706922688,0.9099660868613937,0.9099660868613937,0.9897256407361409,0.9897256407361409,0.9842622174890545,0.9842622174890545,0.8950985346134411,0.8950985346134411,0.9245159172957007,0.9245159172957007,diskjoin_mecc,diskjoin_mecc,diskjoin_mecc,diskjoin_mecc
6214,6214,6214,0.000160926939169617,degree-1,1.0,moderate-zipf,0.8,0,6000126,lru,future,67108864,67108864,268435456,536870912,11685,784167075840,9376,629212708864,39,2617245696,2270,152337121280,10115,678806159360,8455,567405445120,175,11744051200,1485,99656663040,10125,679477248000,8595,576800686080,40,2684354560,1490,99992207360,0.8656397090286693,0.8656397090286693,0.9017704778156996,0.9017704778156996,0.9990123456790123,0.9990123456790123,0.9837114601512508,0.9837114601512508,0.8664955070603337,0.8664955070603337,0.9167022184300341,0.9167022184300341,diskjoin_mecc,diskjoin_mecc,diskjoin_mecc,diskjoin_mecc
6214,6214,6214,0.000160926939169617,degree-1,1.0,high-zipf,1.4,0,6000227,belady,future,67108864,67108864,268435456,536870912,7125,478150656000,6655,446609489920,115,7717519360,355,23823646720,6965,467413237760,6592,442381631488,101,6777995264,272,18253611008,6986,468822523904,6644,445871292416,100,6710886400,242,16240345088,0.9775438596491228,0.9775438596491228,0.9905334335086401,0.9905334335086401,0.996993987975952,0.996993987975952,0.9921733895243829,0.9921733895243829,0.9804912280701754,0.9804912280701754,0.9983471074380166,0.9983471074380166,diskjoin_mecc,diskjoin_mecc,diskjoin_mecc,diskjoin_mecc
6214,6214,6214,0.000160926939169617,degree-1,1.0,high-zipf,1.4,0,6000227,lru,future,67108864,67108864,268435456,536870912,8900,597268889600,6794,455937622016,24,1610612736,2082,139720654848,8814,591497527296,6711,450367586304,64,4294967296,2039,136834973696,8842,593376575488,6773,454528335872,16,1073741824,2053,137774497792,0.9903370786516854,0.9903370786516854,0.9877833382396232,0.9877833382396232,0.9968332956344719,0.9968332956344719,0.9908460062010925,0.9908460062010925,0.9934831460674157,0.9934831460674157,0.9969090373859287,0.9969090373859287,diskjoin_mecc,diskjoin_mecc,diskjoin_mecc,diskjoin_mecc
6214,6214,24856,0.000643707756678468,degree-4,4.0,uniform,0.0,0,6010032,belady,future,67108864,67108864,268435456,536870912,33732,2263716200448,29891,2005951053824,755,50667192320,3086,207097954304,27947,1875491422208,24385,1636449648640,697,46774878208,2865,192266895360,30447,2043263582208,26578,1783619387392,770,51673825280,3099,207970369536,0.8285011265267402,0.8285011265267402,0.8157973972098626,0.8157973972098626,0.917890104115348,0.917890104115348,0.9174881480924073,0.9174881480924073,0.902614727854856,0.902614727854856,0.889163962396708,0.889163962396708,diskjoin_mecc,diskjoin_mecc,diskjoin_mecc,diskjoin_mecc
6214,6214,24856,0.000643707756678468,degree-4,4.0,uniform,0.0,0,6010032,lru,future,67108864,67108864,268435456,536870912,49801,3342088536064,31001,2080441892864,62,4160749568,18738,1257485893632,47919,3215789654016,25058,1681613914112,5064,339839287296,17797,1194336452608,49807,3342491189248,27527,1847305699328,3539,237498269696,18741,1257687220224,0.9622095941848557,0.9622095941848557,0.8082965065643044,0.8082965065643044,0.9620936816110185,0.9620936816110185,0.9103062447778545,0.9103062447778545,1.0001204795084435,1.0001204795084435,0.8879390987387503,0.8879390987387503,diskjoin_mecc,diskjoin_mecc,diskjoin_mecc,diskjoin_mecc
6214,6214,24856,0.000643707756678468,degree-4,4.0,moderate-zipf,0.8,0,6010133,belady,future,67108864,67108864,268435456,536870912,33551,2251569496064,30001,2013333028864,715,47982837760,2835,190253629440,29884,2005481291776,26296,1764694687744,711,47714402304,2877,193072201728,30845,2069972910080,27558,1849386074112,686,46036680704,2601,174550155264,0.8907037048076063,0.8907037048076063,0.876504116529449,0.876504116529449,0.9688442211055276,0.9688442211055276,0.9542056753029973,0.9542056753029973,0.9193466662692618,0.9193466662692618,0.9185693810206327,0.9185693810206327,diskjoin_mecc,diskjoin_mecc,diskjoin_mecc,diskjoin_mecc
6214,6214,24856,0.000643707756678468,degree-4,4.0,moderate-zipf,0.8,0,6010133,lru,future,67108864,67108864,268435456,536870912,49815,3343028060160,31004,2080643219456,62,4160749568,18749,1258224091136,44921,3014597279744,27329,1834018144256,1290,86570434560,16302,1094008700928,45323,3041575043072,28456,1909649833984,364,24427626496,16503,1107497582592,0.9017564990464719,0.9017564990464719,0.881466907495807,0.881466907495807,0.9911303311784304,0.9911303311784304,0.9603949957829632,0.9603949957829632,0.9098263575228345,0.9098263575228345,0.9178170558637595,0.9178170558637595,diskjoin_mecc,diskjoin_mecc,diskjoin_mecc,diskjoin_mecc
6214,6214,24856,0.000643707756678468,degree-4,4.0,high-zipf,1.4,0,6010234,belady,future,67108864,67108864,268435456,536870912,27516,1846567501824,25952,1741609238528,321,21541945344,1243,83416317952,26964,1809523408896,25612,1718792224768,320,21474836480,1032,69256347648,27227,1827173040128,25832,1733556174848,300,20132659200,1095,73484206080,0.9799389446140427,0.9799389446140427,0.9868988902589396,0.9868988902589396,0.9903404708561354,0.9903404708561354,0.9914834314029111,0.9914834314029111,0.9894970199156854,0.9894970199156854,0.9953760789149199,0.9953760789149199,diskjoin_mecc,diskjoin_mecc,diskjoin_mecc,diskjoin_mecc
6214,6214,24856,0.000643707756678468,degree-4,4.0,high-zipf,1.4,0,6010234,lru,future,67108864,67108864,268435456,536870912,45055,3023589867520,26395,1771338465280,18,1207959552,18642,1251043442688,44635,2995404144640,26028,1746709512192,175,11744051200,18432,1236950581248,44761,3003859861504,26245,1761272135680,21,1409286144,18495,1241178439680,0.9906780601487072,0.9906780601487072,0.986095851487024,0.986095851487024,0.9971850494850428,0.9971850494850428,0.9917317584301771,0.9917317584301771,0.993474642104095,0.993474642104095,0.9943171055124077,0.9943171055124077,diskjoin_mecc,diskjoin_mecc,diskjoin_mecc,diskjoin_mecc
6214,6214,99424,0.002574831026713872,degree-16,16.0,uniform,0.0,0,6020039,belady,future,67108864,67108864,268435456,536870912,117244,7868111650816,100965,6775646453760,3027,203138531328,13252,889326665728,123054,8258014150656,90426,6068386136064,6939,465668407296,25689,1723959607296,114078,7655644987392,96405,6469630033920,3332,223606734848,14341,962408218624,1.0495547746579783,1.0495547746579783,0.8956172931213787,0.8956172931213787,1.0786830063640667,1.0786830063640667,0.9379803952077175,0.9379803952077175,0.972996485960902,0.972996485960902,0.9548358341999703,0.9548358341999703,block_rcm,block_rcm,diskjoin_mecc,diskjoin_mecc
6214,6214,99424,0.002574831026713872,degree-16,16.0,uniform,0.0,0,6020039,lru,future,67108864,67108864,268435456,536870912,198846,13344329170944,105584,7085622296576,53,3556769792,93209,6255150104576,198842,13344060735488,104978,7044954324992,657,44090523648,93207,6255015886848,198848,13344463388672,105129,7055087763456,509,34158411776,93210,6255217213440,0.9999798839302777,0.9999798839302777,0.9942604940142445,0.9942604940142445,0.9999698261989057,0.9999698261989057,0.998563669396646,0.998563669396646,1.0000100580348612,1.0000100580348612,0.9956906349446886,0.9956906349446886,diskjoin_mecc,diskjoin_mecc,diskjoin_mecc,diskjoin_mecc
6214,6214,99424,0.002574831026713872,degree-16,16.0,moderate-zipf,0.8,0,6020140,belady,future,67108864,67108864,268435456,536870912,115395,7744027361280,101854,6835306233856,2537,170255187968,11004,738465939456,114570,7688662548480,94765,6359571496960,4100,275146342400,15705,1053944709120,112295,7535989882880,98015,6577675304960,2735,183542743040,11545,774771834880,0.9928506434420902,0.9928506434420902,0.9304003770102304,0.9304003770102304,1.0202591388752837,1.0202591388752837,0.9668418099270519,0.9668418099270519,0.9731357511157329,0.9731357511157329,0.9623087949417795,0.9623087949417795,block_rcm,block_rcm,diskjoin_mecc,diskjoin_mecc
6214,6214,99424,0.002574831026713872,degree-16,16.0,moderate-zipf,0.8,0,6020140,lru,future,67108864,67108864,268435456,536870912,198848,13344463388672,105574,7084951207936,64,4294967296,93210,6255217213440,198528,13322988552192,100920,6772626554880,4558,305882202112,93050,6244479795200,198844,13344194953216,102238,6861076037632,3398,228035919872,93208,6255082995712,0.9983907306083039,0.9983907306083039,0.9559171765775665,0.9559171765775665,0.9984108145078554,0.9984108145078554,0.9871085115123536,0.9871085115123536,0.9999798841326037,0.9999798841326037,0.9684013109288272,0.9684013109288272,diskjoin_mecc,diskjoin_mecc,diskjoin_mecc,diskjoin_mecc
6214,6214,99424,0.002574831026713872,degree-16,16.0,high-zipf,1.4,0,6020241,belady,future,67108864,67108864,268435456,536870912,108118,7255676157952,102120,6853157191680,1198,80396419072,4800,322122547200,106214,7127900880896,100030,6712899665920,1369,91872034816,4815,323129180160,106452,7143872790528,100902,6771418595328,1158,77712064512,4392,294742130688,0.9823896113505615,0.9823896113505615,0.9795338817077948,0.9795338817077948,0.9977642505542405,0.9977642505542405,0.9913579512794592,0.9913579512794592,0.9845909099317413,0.9845909099317413,0.9880728554641598,0.9880728554641598,diskjoin_mecc,diskjoin_mecc,diskjoin_mecc,diskjoin_mecc
6214,6214,99424,0.002574831026713872,degree-16,16.0,high-zipf,1.4,0,6020241,lru,future,67108864,67108864,268435456,536870912,197024,13222056820736,103790,6965228994560,26,1744830464,93208,6255082995712,194662,13063545683968,101957,6842218446848,678,45499809792,92027,6175827427328,194762,13070256570368,102500,6878658560000,185,12415139840,92077,6179182870528,0.9880116127984409,0.9880116127984409,0.9823393390500048,0.9823393390500048,0.9994865528183116,0.9994865528183116,0.9947024390243903,0.9947024390243903,0.9885191651778463,0.9885191651778463,0.987571056941902,0.987571056941902,diskjoin_mecc,diskjoin_mecc,diskjoin_mecc,diskjoin_mecc
15689,15689,15689,6.37389253617184e-05,degree-1,1.0,uniform,0.0,0,7000028,belady,future,67108864,67108864,268435456,536870912,32331,2169696681984,30924,2075274510336,290,19461570560,1117,74960601088,25675,1723020083200,25675,1723020083200,0,0,0,0,25675,1723020083200,25675,1723020083200,0,0,0,0,0.794129473260957,0.794129473260957,0.8302612857327641,0.8302612857327641,1.0,1.0,1.0,1.0,0.794129473260957,0.794129473260957,0.8302612857327641,0.8302612857327641,diskjoin_mecc|block_rcm,diskjoin_mecc|block_rcm,diskjoin_mecc|block_rcm,diskjoin_mecc|block_rcm
15689,15689,15689,6.37389253617184e-05,degree-1,1.0,uniform,0.0,0,7000028,lru,future,67108864,67108864,268435456,536870912,37077,2488195350528,31319,2101782511616,57,3825205248,5701,382587633664,25675,1723020083200,25675,1723020083200,0,0,0,0,25675,1723020083200,25675,1723020083200,0,0,0,0,0.6924778164360655,0.6924778164360655,0.819789903892206,0.819789903892206,1.0,1.0,1.0,1.0,0.6924778164360655,0.6924778164360655,0.819789903892206,0.819789903892206,diskjoin_mecc|block_rcm,diskjoin_mecc|block_rcm,diskjoin_mecc|block_rcm,diskjoin_mecc|block_rcm
15689,15689,15689,6.37389253617184e-05,degree-1,1.0,moderate-zipf,0.8,0,7000129,belady,future,67108864,67108864,268435456,536870912,24549,1647455502336,23130,1552228024320,296,19864223744,1123,75363254272,21834,1465254936576,20991,1408682164224,171,11475615744,672,45097156608,22132,1485253378048,21404,1436398125056,190,12750684160,538,36104568832,0.889404863741904,0.889404863741904,0.9075226977950713,0.9075226977950713,0.9865353334538225,0.9865353334538225,0.980704541207251,0.980704541207251,0.9015438510733634,0.9015438510733634,0.9253782965845223,0.9253782965845223,diskjoin_mecc,diskjoin_mecc,diskjoin_mecc,diskjoin_mecc
15689,15689,15689,6.37389253617184e-05,degree-1,1.0,moderate-zipf,0.8,0,7000129,lru,future,67108864,67108864,268435456,536870912,29341,1969041178624,23547,1580212420608,36,2415919104,5758,386412838912,25515,1712282664960,21246,1425794924544,424,28454158336,3845,258033582080,25573,1716174979072,21647,1452705579008,52,3489660928,3874,259979739136,0.869602263044886,0.869602263044886,0.902280545292394,0.902280545292394,0.9977319829507684,0.9977319829507684,0.981475493139927,0.981475493139927,0.8715790191200027,0.8715790191200027,0.9193103155391344,0.9193103155391344,diskjoin_mecc,diskjoin_mecc,diskjoin_mecc,diskjoin_mecc
15689,15689,15689,6.37389253617184e-05,degree-1,1.0,high-zipf,1.4,0,7000230,belady,future,67108864,67108864,268435456,536870912,17381,1166419165184,16652,1117496803328,155,10401873920,574,38520487936,17080,1146219397120,16538,1109846392832,139,9328132096,403,27044872192,17109,1148165554176,16615,1115013775360,147,9865003008,347,23286775808,0.9826822392267418,0.9826822392267418,0.9931539754984386,0.9931539754984386,0.9983049856800514,0.9983049856800514,0.9953656334637376,0.9953656334637376,0.9843507278062252,0.9843507278062252,0.9977780446793179,0.9977780446793179,diskjoin_mecc,diskjoin_mecc,diskjoin_mecc,diskjoin_mecc
15689,15689,15689,6.37389253617184e-05,degree-1,1.0,high-zipf,1.4,0,7000230,lru,future,67108864,67108864,268435456,536870912,22230,1491830046720,16864,1131723882496,14,939524096,5352,359166640128,22092,1482569023488,16714,1121657552896,95,6375342080,5283,354536128512,22126,1484850724864,16806,1127831568384,20,1342177280,5300,355676979200,0.9937921727395411,0.9937921727395411,0.9911053130929791,0.9911053130929791,0.9984633462894332,0.9984633462894332,0.9945257646078781,0.9945257646078781,0.9953216374269006,0.9953216374269006,0.9965607210626186,0.9965607210626186,diskjoin_mecc,diskjoin_mecc,diskjoin_mecc,diskjoin_mecc
15689,15689,62756,0.0002549557014468736,degree-4,4.0,uniform,0.0,0,7010035,belady,future,67108864,67108864,268435456,536870912,83337,5592651399168,76565,5138190172160,1218,81738596352,5554,372722630656,68610,4604339159040,62309,4181486206976,1141,76571213824,5160,346281738240,75083,5038734835712,68056,4567160848384,1253,84087406592,5774,387486580736,0.8232837755138774,0.8232837755138774,0.8138052635016,0.8138052635016,0.913788740460557,0.913788740460557,0.9155548371929,0.9155548371929,0.9009563579202515,0.9009563579202515,0.8888656696924182,0.8888656696924182,diskjoin_mecc,diskjoin_mecc,diskjoin_mecc,diskjoin_mecc
15689,15689,62756,0.0002549557014468736,degree-4,4.0,uniform,0.0,0,7010035,lru,future,67108864,67108864,268435456,536870912,125789,8441556893696,78364,5258919018496,79,5301600256,47346,3177336274944,121271,8138359046144,63429,4256648134656,12755,855973560320,45087,3025737351168,125785,8441288458240,69639,4673394180096,8802,590692220928,47344,3177202057216,0.964082709934891,0.964082709934891,0.8094150375172273,0.8094150375172273,0.9641133680486544,0.9641133680486544,0.9108258303536811,0.9108258303536811,0.9999682007170738,0.9999682007170738,0.8886606094635292,0.8886606094635292,diskjoin_mecc,diskjoin_mecc,diskjoin_mecc,diskjoin_mecc
15689,15689,62756,0.0002549557014468736,degree-4,4.0,moderate-zipf,0.8,0,7010136,belady,future,67108864,67108864,268435456,536870912,83062,5574196461568,76739,5149867114496,1131,75900125184,5192,348429221888,73620,4940554567680,67212,4510520967168,1192,79993765888,5216,350039834624,76518,5135036055552,70656,4741643894784,1092,73282879488,4770,320109281280,0.8863258770556933,0.8863258770556933,0.8758519136293149,0.8758519136293149,0.9621265584568337,0.9621265584568337,0.9512567934782609,0.9512567934782609,0.9212154775950495,0.9212154775950495,0.9207313100248896,0.9207313100248896,diskjoin_mecc,diskjoin_mecc,diskjoin_mecc,diskjoin_mecc
15689,15689,62756,0.0002549557014468736,degree-4,4.0,moderate-zipf,0.8,0,7010136,lru,future,67108864,67108864,268435456,536870912,125823,8443838595072,78370,5259321671680,71,4764729344,47382,3179752194048,113405,7610480721920,69165,4641584578560,3067,205822885888,41173,2763073257472,114527,7685776867328,72111,4839287291904,682,45768245248,41734,2800721330176,0.9013058025957098,0.9013058025957098,0.8825443409467909,0.8825443409467909,0.9902031835287749,0.9902031835287749,0.9591463160960186,0.9591463160960186,0.9102230911677516,0.9102230911677516,0.920135255837693,0.920135255837693,diskjoin_mecc,diskjoin_mecc,diskjoin_mecc,diskjoin_mecc
15689,15689,62756,0.0002549557014468736,degree-4,4.0,high-zipf,1.4,0,7010237,belady,future,67108864,67108864,268435456,536870912,67727,4545082032128,65199,4375430823936,467,31339839488,2061,138311368704,66567,4467235749888,64531,4330602102784,453,30400315392,1583,106233331712,67159,4506964197376,64960,4359391805440,443,29729226752,1756,117843165184,0.9828724142513325,0.9828724142513325,0.9897544440865658,0.9897544440865658,0.9911850980508942,0.9911850980508942,0.9933959359605912,0.9933959359605912,0.9916133890472042,0.9916133890472042,0.9963342996058222,0.9963342996058222,diskjoin_mecc,diskjoin_mecc,diskjoin_mecc,diskjoin_mecc
15689,15689,62756,0.0002549557014468736,degree-4,4.0,high-zipf,1.4,0,7010237,lru,future,67108864,67108864,268435456,536870912,112933,7578805338112,65847,4418917367808,19,1275068416,47067,3158612901888,112189,7528876343296,65163,4373014904832,331,22213033984,46695,3133648404480,112399,7542969204736,65559,4399590014976,40,2684354560,46800,3140694835200,0.9934120230579193,0.9934120230579193,0.9896122830197276,0.9896122830197276,0.998131655975587,0.998131655975587,0.9939596394087769,0.9939596394087769,0.9952715326786679,0.9952715326786679,0.995626224429359,0.995626224429359,diskjoin_mecc,diskjoin_mecc,diskjoin_mecc,diskjoin_mecc
15689,15689,251024,0.0010198228057874943,degree-16,16.0,uniform,0.0,0,7020042,belady,future,67108864,67108864,268435456,536870912,287395,19286751969280,259342,17404147007488,4786,321183023104,23267,1561421938688,294867,19788189401088,237814,15959427383296,10551,708065624064,46502,3120696393728,277690,18635460444160,247340,16598706421760,5345,358696878080,25005,1678057144320,1.025999060526453,1.025999060526453,0.9169899206453255,0.9169899206453255,1.0618567467319673,1.0618567467319673,0.9614862133096143,0.9614862133096143,0.9662311452878443,0.9662311452878443,0.9537213409320511,0.9537213409320511,block_rcm,block_rcm,diskjoin_mecc,diskjoin_mecc
15689,15689,251024,0.0010198228057874943,degree-16,16.0,uniform,0.0,0,7020042,lru,future,67108864,67108864,268435456,536870912,502048,33691870953472,266658,17895115456512,55,3690987520,235335,15793064509440,502030,33690662993920,265355,17807672606720,1349,90529857536,235326,15792460529664,502048,33691870953472,265481,17816128323584,1232,82678120448,235335,15793064509440,0.999964146854484,0.999964146854484,0.9951135911917137,0.9951135911917137,0.999964146854484,0.999964146854484,0.9995253897642392,0.9995253897642392,1.0,1.0,0.9955861065484628,0.9955861065484628,diskjoin_mecc,diskjoin_mecc,diskjoin_mecc,diskjoin_mecc
15689,15689,251024,0.0010198228057874943,degree-16,16.0,moderate-zipf,0.8,0,7020143,belady,future,67108864,67108864,268435456,536870912,284756,19109651677184,260593,17488100196352,4127,276958281728,20036,1344593199104,280335,18812963389440,243344,16330539401216,6996,469493612544,29995,2012930375680,276251,18538890788864,250923,16839157481472,4390,294607912960,20938,1405125394432,0.9844744272289259,0.9844744272289259,0.9338086594804925,0.9338086594804925,1.0147836568917397,1.0147836568917397,0.9697955149587723,0.9697955149587723,0.9701323238140724,0.9701323238140724,0.9628923263479833,0.9628923263479833,block_rcm,block_rcm,diskjoin_mecc,diskjoin_mecc
15689,15689,251024,0.0010198228057874943,degree-16,16.0,moderate-zipf,0.8,0,7020143,lru,future,67108864,67108864,268435456,536870912,502048,33691870953472,266636,17893639061504,77,5167382528,235335,15793064509440,500994,33621138210816,255136,17121887125504,11050,741552947200,234808,15757698138112,502048,33691870953472,258633,17356566822912,8080,542239621120,235335,15793064509440,0.9979005991458983,0.9979005991458983,0.9568700400546063,0.9568700400546063,0.9979005991458983,0.9979005991458983,0.9864789102705378,0.9864789102705378,1.0,1.0,0.9699852983093056,0.9699852983093056,diskjoin_mecc,diskjoin_mecc,diskjoin_mecc,diskjoin_mecc
15689,15689,251024,0.0010198228057874943,degree-16,16.0,high-zipf,1.4,0,7020244,belady,future,67108864,67108864,268435456,536870912,266896,17911087366144,257668,17291806769152,1688,113279762432,7540,506000834560,263684,17695533694976,253649,17022096244736,2002,134351945728,8033,539085504512,264051,17720162648064,255424,17141214478336,1659,111333605376,6968,467614564352,0.9879653497991727,0.9879653497991727,0.9844024093018924,0.9844024093018924,0.9986101169849764,0.9986101169849764,0.993050770483588,0.993050770483588,0.9893404172411726,0.9893404172411726,0.9912911188040424,0.9912911188040424,diskjoin_mecc,diskjoin_mecc,diskjoin_mecc,diskjoin_mecc
15689,15689,251024,0.0010198228057874943,degree-16,16.0,high-zipf,1.4,0,7020244,lru,future,67108864,67108864,268435456,536870912,495406,33246133878784,260053,17451861409792,22,1476395008,235331,15792796073984,491106,32957565763584,256625,17221812224000,1300,87241523200,233181,15648512016384,491432,32979443253248,257774,17298920308736,314,21072183296,233344,15659450761216,0.9913202504612378,0.9913202504612378,0.9868180717007687,0.9868180717007687,0.9993366325351218,0.9993366325351218,0.9955426070899315,0.9955426070899315,0.9919782965890603,0.9919782965890603,0.9912364018104002,0.9912364018104002,diskjoin_mecc,diskjoin_mecc,diskjoin_mecc,diskjoin_mecc
39610,39610,39610,2.5246149962130775e-05,degree-1,1.0,uniform,0.0,0,8000031,belady,future,67108864,67108864,268435456,536870912,80968,5433670500352,78479,5266636537856,473,31742492672,2016,135291469824,64595,4334897070080,64595,4334897070080,0,0,0,0,64595,4334897070080,64595,4334897070080,0,0,0,0,0.7977843098508053,0.7977843098508053,0.823086430764918,0.823086430764918,1.0,1.0,1.0,1.0,0.7977843098508053,0.7977843098508053,0.823086430764918,0.823086430764918,diskjoin_mecc|block_rcm,diskjoin_mecc|block_rcm,diskjoin_mecc|block_rcm,diskjoin_mecc|block_rcm
39610,39610,39610,2.5246149962130775e-05,degree-1,1.0,uniform,0.0,0,8000031,lru,future,67108864,67108864,268435456,536870912,93843,6297697124352,79175,5313344307200,44,2952790016,14624,981400027136,64595,4334897070080,64595,4334897070080,0,0,0,0,64595,4334897070080,64595,4334897070080,0,0,0,0,0.6883305094679412,0.6883305094679412,0.8158509630565204,0.8158509630565204,1.0,1.0,1.0,1.0,0.6883305094679412,0.6883305094679412,0.8158509630565204,0.8158509630565204,diskjoin_mecc|block_rcm,diskjoin_mecc|block_rcm,diskjoin_mecc|block_rcm,diskjoin_mecc|block_rcm
39610,39610,39610,2.5246149962130775e-05,degree-1,1.0,moderate-zipf,0.8,0,8000132,belady,future,67108864,67108864,268435456,536870912,60958,4090822131712,58455,3922848645120,482,32346472448,2021,135627014144,54661,3668237615104,53080,3562138501120,292,19595788288,1289,86503325696,55405,3718166609920,54071,3628643385344,310,20803747840,1024,68719476736,0.8966993667771253,0.8966993667771253,0.9080489265246771,0.9080489265246771,0.9865716090605541,0.9865716090605541,0.9816722457509571,0.9816722457509571,0.908904491617179,0.908904491617179,0.9250021383970576,0.9250021383970576,diskjoin_mecc,diskjoin_mecc,diskjoin_mecc,diskjoin_mecc
39610,39610,39610,2.5246149962130775e-05,degree-1,1.0,moderate-zipf,0.8,0,8000132,lru,future,67108864,67108864,268435456,536870912,73773,4950822223872,59145,3969153761280,44,2952790016,14584,978715672576,64507,4328991490048,53568,3594887626752,988,66303557632,9951,667800305664,64567,4333018021888,54473,3655621148672,113,7583301632,9981,669813571584,0.8743984926734714,0.8743984926734714,0.9057063149885873,0.9057063149885873,0.9990707327272446,0.9990707327272446,0.9833862647550162,0.9833862647550162,0.8752117983544115,0.8752117983544115,0.9210076929579846,0.9210076929579846,diskjoin_mecc,diskjoin_mecc,diskjoin_mecc,diskjoin_mecc
39610,39610,39610,2.5246149962130775e-05,degree-1,1.0,high-zipf,1.4,0,8000233,belady,future,67108864,67108864,268435456,536870912,42728,2867427540992,41634,2794010443776,222,14898167808,872,58518929408,42263,2836221919232,41418,2779514929152,202,13555990528,643,43150999552,42411,2846154031104,41619,2793003810816,199,13354663936,593,39795556352,0.9891172065156337,0.9891172065156337,0.9948119325551232,0.9948119325551232,0.9965103392987669,0.9965103392987669,0.9951704750234268,0.9951704750234268,0.9925809773450665,0.9925809773450665,0.9996397175385502,0.9996397175385502,diskjoin_mecc,diskjoin_mecc,diskjoin_mecc,diskjoin_mecc
39610,39610,39610,2.5246149962130775e-05,degree-1,1.0,high-zipf,1.4,0,8000233,lru,future,67108864,67108864,268435456,536870912,55398,3717696847872,41937,2814344429568,19,1275068416,13442,902077349888,55210,3705080381440,41688,2797634322432,174,11676942336,13348,895769116672,55290,3710449090560,41894,2811458748416,8,536870912,13388,898453471232,0.9966063756814325,0.9966063756814325,0.9940625223549611,0.9940625223549611,0.9985530837402785,0.9985530837402785,0.9950828280899413,0.9950828280899413,0.9980504711361421,0.9980504711361421,0.9989746524548728,0.9989746524548728,diskjoin_mecc,diskjoin_mecc,diskjoin_mecc,diskjoin_mecc
39610,39610,158440,0.0001009845998485231,degree-4,4.0,uniform,0.0,0,8010038,belady,future,67108864,67108864,268435456,536870912,206851,13881535627264,195030,13088241745920,1960,131533373440,9861,661760507904,169498,11374818230272,158441,10632795521024,1841,123547418624,9216,618475290624,184972,12413260791808,173207,11623725006848,1976,132607115264,9789,656928669696,0.8194207424667997,0.8194207424667997,0.8123929651848434,0.8123929651848434,0.9163440953225354,0.9163440953225354,0.9147494038924524,0.9147494038924524,0.894228212578136,0.894228212578136,0.8881043941957647,0.8881043941957647,diskjoin_mecc,diskjoin_mecc,diskjoin_mecc,diskjoin_mecc
39610,39610,158440,0.0001009845998485231,degree-4,4.0,uniform,0.0,0,8010038,lru,future,67108864,67108864,268435456,536870912,317587,21312902791168,197977,13286011568128,73,4898947072,119537,8021992275968,306051,20538734936064,160258,10754732326912,32024,2149094260736,113769,7634908348416,317581,21312500137984,175729,11792973561856,22318,1497735626752,119534,8021790949376,0.9636760950542685,0.9636760950542685,0.8094778686413068,0.8094778686413068,0.9636943016112425,0.9636943016112425,0.911961030905542,0.911961030905542,0.9999811075390366,0.9999811075390366,0.8876233097784086,0.8876233097784086,diskjoin_mecc,diskjoin_mecc,diskjoin_mecc,diskjoin_mecc
39610,39610,158440,0.0001009845998485231,degree-4,4.0,moderate-zipf,0.8,0,8010139,belady,future,67108864,67108864,268435456,536870912,206283,13843417792512,195340,13109045493760,1799,120728846336,9144,613643452416,182970,12278908846080,171451,11505881841664,1948,130728067072,9571,642298937344,189749,12733839835136,179686,12058523336704,1756,117843165184,8307,557473333248,0.8869853550704615,0.8869853550704615,0.8777055390601003,0.8777055390601003,0.9642738565157128,0.9642738565157128,0.9541700522021749,0.9541700522021749,0.9198479758390172,0.9198479758390172,0.919862803317293,0.919862803317293,diskjoin_mecc,diskjoin_mecc,diskjoin_mecc,diskjoin_mecc
39610,39610,158440,0.0001009845998485231,degree-4,4.0,moderate-zipf,0.8,0,8010139,lru,future,67108864,67108864,268435456,536870912,317577,21312231702528,198000,13287555072000,46,3087007744,119531,8021589622784,286453,19223535419392,175165,11755124162560,7319,491169775616,103969,6977241481216,289103,19401373908992,182081,12219249065984,1728,115964116992,105294,7066160726016,0.9019954215827972,0.9019954215827972,0.8846717171717172,0.8846717171717172,0.9908337167030435,0.9908337167030435,0.9620169045644521,0.9620169045644521,0.9103398545864467,0.9103398545864467,0.9196010101010101,0.9196010101010101,diskjoin_mecc,diskjoin_mecc,diskjoin_mecc,diskjoin_mecc
39610,39610,158440,0.0001009845998485231,degree-4,4.0,high-zipf,1.4,0,8010240,belady,future,67108864,67108864,268435456,536870912,167554,11244358598656,163713,10986593452032,658,44157632512,3183,213607514112,165678,11118462369792,162512,10905995706368,656,44023414784,2510,168443248640,166800,11193758515200,163349,10962165825536,631,42345693184,2820,189246996480,0.9888036095825823,0.9888036095825823,0.9926639912529854,0.9926639912529854,0.993273381294964,0.993273381294964,0.9948760016896339,0.9948760016896339,0.9954999582224238,0.9954999582224238,0.9977765968493645,0.9977765968493645,diskjoin_mecc,diskjoin_mecc,diskjoin_mecc,diskjoin_mecc
39610,39610,158440,0.0001009845998485231,degree-4,4.0,high-zipf,1.4,0,8010240,lru,future,67108864,67108864,268435456,536870912,283475,19023685222400,164634,11048400715776,11,738197504,118830,7974546309120,282331,18946912681984,163481,10971024195584,592,39728447488,118258,7936160038912,282709,18972279832576,164217,11020416319488,45,3019898880,118447,7948843614208,0.9959643707557986,0.9959643707557986,0.992996586367336,0.992996586367336,0.9986629360932974,0.9986629360932974,0.9955181254072355,0.9955181254072355,0.9972978216773966,0.9972978216773966,0.9974671088596523,0.9974671088596523,diskjoin_mecc,diskjoin_mecc,diskjoin_mecc,diskjoin_mecc
39610,39610,633760,0.0004039383993940924,degree-16,16.0,uniform,0.0,0,8020045,belady,future,67108864,67108864,268435456,536870912,710530,47682861137920,661420,44387144826880,7740,519422607360,41370,2776293703680,708535,47548978954240,615930,41334362603520,15105,1013679390720,77500,5200936960000,683824,45890651815936,630625,42320527360000,8527,572237283328,44672,2997887172608,0.9971922367809944,0.9971922367809944,0.9312237307610898,0.9312237307610898,1.0361364912609092,1.0361364912609092,0.9766977205153617,0.9766977205153617,0.9624139726682899,0.9624139726682899,0.953441081309909,0.953441081309909,block_rcm,block_rcm,diskjoin_mecc,diskjoin_mecc
39610,39610,633760,0.0004039383993940924,degree-16,16.0,uniform,0.0,0,8020045,lru,future,67108864,67108864,268435456,536870912,1267520,85061827297280,673328,45186277179392,42,2818572288,594150,39872731545600,1267504,85060753555456,670624,45004814811136,2738,183744069632,594142,39872194674688,1267520,85061827297280,670264,44980655620096,3106,208440131584,594150,39872731545600,0.9999873769250189,0.9999873769250189,0.9959841266069435,0.9959841266069435,0.9999873769250189,0.9999873769250189,1.0005371017986942,1.0005371017986942,1.0,1.0,0.9954494689066844,0.9954494689066844,diskjoin_mecc,diskjoin_mecc,block_rcm,block_rcm
39610,39610,633760,0.0004039383993940924,degree-16,16.0,moderate-zipf,0.8,0,8020146,belady,future,67108864,67108864,268435456,536870912,705011,47312487317504,663400,44520020377600,6640,445602856960,34971,2346864082944,690216,46319611674624,621339,41697354448896,11898,798461263872,56979,3823795961856,683872,45893873041408,638512,42849814970368,7215,484190453760,38145,2559867617280,0.9790145118303119,0.9790145118303119,0.936597829363883,0.936597829363883,1.0092765897711853,1.0092765897711853,0.9731046558247927,0.9731046558247927,0.9700160706712377,0.9700160706712377,0.9624841724449804,0.9624841724449804,block_rcm,block_rcm,diskjoin_mecc,diskjoin_mecc
39610,39610,633760,0.0004039383993940924,degree-16,16.0,moderate-zipf,0.8,0,8020146,lru,future,67108864,67108864,268435456,536870912,1267514,85061424644096,673288,45183592824832,79,5301600256,594147,39872530219008,1264892,84885465202688,644641,43261125197824,27415,1839789506560,592836,39784550498304,1267518,85061693079552,652745,43804975431680,20624,1384053211136,594149,39872664436736,0.9979313837953664,0.9979313837953664,0.9574520858830099,0.9574520858830099,0.9979282345497263,0.9979282345497263,0.9875847382974975,0.9875847382974975,1.0000031557836837,1.0000031557836837,0.9694885398224831,0.9694885398224831,diskjoin_mecc,diskjoin_mecc,diskjoin_mecc,diskjoin_mecc
39610,39610,633760,0.0004039383993940924,degree-16,16.0,high-zipf,1.4,0,8020247,belady,future,67108864,67108864,268435456,536870912,662747,44476198289408,648984,43552578994176,2347,157504503808,11416,766114791424,657059,44094483070976,641348,43040135708672,2940,197300060160,12771,857047302144,658207,44171524046848,644969,43283136905216,2351,157772939264,10887,730614202368,0.9914175394230378,0.9914175394230378,0.9882339163985553,0.9882339163985553,0.9982558678348908,0.9982558678348908,0.9943857766807397,0.9943857766807397,0.9931497238010885,0.9931497238010885,0.9938134068020167,0.9938134068020167,diskjoin_mecc,diskjoin_mecc,diskjoin_mecc,diskjoin_mecc
39610,39610,633760,0.0004039383993940924,degree-16,16.0,high-zipf,1.4,0,8020247,lru,future,67108864,67108864,268435456,536870912,1246462,83648648839168,652291,43774508007424,21,1409286144,594150,39872731545600,1238700,83127749836800,646018,43353534103552,2413,161933688832,590269,39612282044416,1239518,83182644887552,648361,43510770171904,479,32145145856,590678,39639729569792,0.9937727744608339,0.9937727744608339,0.9903831265493468,0.9903831265493468,0.9993400660579355,0.9993400660579355,0.9963862724624091,0.9963862724624091,0.9944290319319803,0.9944290319319803,0.9939750816736702,0.9939750816736702,diskjoin_mecc,diskjoin_mecc,diskjoin_mecc,diskjoin_mecc
100000,100000,100000,1e-05,degree-1,1.0,uniform,0.0,0,9000034,belady,future,67108864,67108864,268435456,536870912,203146,13632897286144,198847,13344396279808,754,50600083456,3545,237900922880,163329,10960823648256,163329,10960823648256,0,0,0,0,163329,10960823648256,163329,10960823648256,0,0,0,0,0.803998109733886,0.803998109733886,0.8213802571826581,0.8213802571826581,1.0,1.0,1.0,1.0,0.803998109733886,0.803998109733886,0.8213802571826581,0.8213802571826581,diskjoin_mecc|block_rcm,diskjoin_mecc|block_rcm,diskjoin_mecc|block_rcm,diskjoin_mecc|block_rcm
100000,100000,100000,1e-05,degree-1,1.0,uniform,0.0,0,9000034,lru,future,67108864,67108864,268435456,536870912,236669,15882587734016,199954,13418685792256,45,3019898880,36670,2460882042880,163329,10960823648256,163329,10960823648256,0,0,0,0,163329,10960823648256,163329,10960823648256,0,0,0,0,0.6901157312533538,0.6901157312533538,0.8168328715604589,0.8168328715604589,1.0,1.0,1.0,1.0,0.6901157312533538,0.6901157312533538,0.8168328715604589,0.8168328715604589,diskjoin_mecc|block_rcm,diskjoin_mecc|block_rcm,diskjoin_mecc|block_rcm,diskjoin_mecc|block_rcm
100000,100000,100000,1e-05,degree-1,1.0,moderate-zipf,0.8,0,9000135,belady,future,67108864,67108864,268435456,536870912,151761,10184508309504,147538,9901107576832,755,50667192320,3468,232733540352,136752,9177271369728,133940,8988561244160,484,32480690176,2328,156229435392,138892,9320884338688,136574,9165325991936,485,32547799040,1833,123010547712,0.9011010733983039,0.9011010733983039,0.9078339139747048,0.9078339139747048,0.9845923451314691,0.9845923451314691,0.9807137522515267,0.9807137522515267,0.9152021929217652,0.9152021929217652,0.9256869416692649,0.9256869416692649,diskjoin_mecc,diskjoin_mecc,diskjoin_mecc,diskjoin_mecc
100000,100000,100000,1e-05,degree-1,1.0,moderate-zipf,0.8,0,9000135,lru,future,67108864,67108864,268435456,536870912,185475,12447016550400,148662,9976537939968,48,3221225472,36765,2467257384960,162621,10913310572544,134870,9050972487680,2413,161933688832,25338,1700404396032,163003,10938946158592,137212,9208141447168,262,17582522368,25529,1713222189056,0.8767812373635261,0.8767812373635261,0.9072257873565538,0.9072257873565538,0.997656484849972,0.997656484849972,0.9829315220243128,0.9829315220243128,0.878840814125893,0.878840814125893,0.9229796451009673,0.9229796451009673,diskjoin_mecc,diskjoin_mecc,diskjoin_mecc,diskjoin_mecc
100000,100000,100000,1e-05,degree-1,1.0,high-zipf,1.4,0,9000236,belady,future,67108864,67108864,268435456,536870912,105893,7106358935552,104163,6990260600832,315,21139292160,1415,94959042560,105101,7053208715264,103760,6963215728640,298,19998441472,1043,69994545152,105389,7072536068096,104114,6986972266496,296,19864223744,979,65699577856,0.9925207520799297,0.9925207520799297,0.9961310638134462,0.9961310638134462,0.9972672669823226,0.9972672669823226,0.9965998808997829,0.9965998808997829,0.9952404785963189,0.9952404785963189,0.9995295834413371,0.9995295834413371,diskjoin_mecc,diskjoin_mecc,diskjoin_mecc,diskjoin_mecc
100000,100000,100000,1e-05,degree-1,1.0,high-zipf,1.4,0,9000236,lru,future,67108864,67108864,268435456,536870912,138436,9290282696704,104603,7019788500992,16,1073741824,33817,2269420453888,138124,9269344731136,104171,6990797471744,292,19595788288,33661,2258951471104,138274,9279411060736,104528,7014755336192,10,671088640,33736,2263984635904,0.9977462509751799,0.9977462509751799,0.9958700993279351,0.9958700993279351,0.9989151973617599,0.9989151973617599,0.9965846471758764,0.9965846471758764,0.9988297841601895,0.9988297841601895,0.9992830033555443,0.9992830033555443,diskjoin_mecc,diskjoin_mecc,diskjoin_mecc,diskjoin_mecc
100000,100000,400000,4e-05,degree-4,4.0,uniform,0.0,0,9010041,belady,future,67108864,67108864,268435456,536870912,515135,34570124656640,495276,33237409726464,3067,205822885888,16792,1126892044288,420751,28236121636864,401844,26967294345216,2880,193273528320,16027,1075553763328,460917,30931616268288,439779,29513069101056,3202,214882582528,17936,1203664584704,0.8167781261222786,0.8167781261222786,0.8113536694691444,0.8113536694691444,0.9128563277119308,0.9128563277119308,0.9137407652479995,0.9137407652479995,0.8947499199239034,0.8947499199239034,0.8879473263392532,0.8879473263392532,diskjoin_mecc,diskjoin_mecc,diskjoin_mecc,diskjoin_mecc
100000,100000,400000,4e-05,degree-4,4.0,uniform,0.0,0,9010041,lru,future,67108864,67108864,268435456,536870912,801770,53805873889280,499912,33548526419968,85,5704253440,301773,20251643215872,772522,51843073835008,404706,27159359913984,80667,5413470732288,287149,19270243188736,801764,53805471236096,443877,29788081225728,56117,3765948121088,301770,20251441889280,0.9635207104281777,0.9635207104281777,0.8095544815887596,0.8095544815887596,0.9635279209343398,0.9635279209343398,0.9117525801066512,0.9117525801066512,0.9999925165571174,0.9999925165571174,0.8879102722079086,0.8879102722079086,diskjoin_mecc,diskjoin_mecc,diskjoin_mecc,diskjoin_mecc
100000,100000,400000,4e-05,degree-4,4.0,moderate-zipf,0.8,0,9010142,belady,future,67108864,67108864,268435456,536870912,514362,34518249504768,495628,33261032046592,2900,194615705600,15834,1062601752576,455798,30588085993472,435657,29236446363648,3160,212064010240,16981,1139575619584,473616,31783831732224,455741,30584260788224,2840,190589173760,15035,1008981770240,0.886142444426299,0.886142444426299,0.8789999757882928,0.8789999757882928,0.9623788047701091,0.9623788047701091,0.9559311099944925,0.9559311099944925,0.9207834171264596,0.9207834171264596,0.9195223030175858,0.9195223030175858,diskjoin_mecc,diskjoin_mecc,diskjoin_mecc,diskjoin_mecc
100000,100000,400000,4e-05,degree-4,4.0,moderate-zipf,0.8,0,9010142,lru,future,67108864,67108864,268435456,536870912,801873,53812786102272,499938,33550271250432,59,3959422976,301876,20258555428864,723361,48543934971904,443041,29731978215424,17700,1187826892800,262620,17624129863680,730095,48995846062080,459865,30861017743360,4243,284742909952,265987,17850085408768,0.9020892335818764,0.9020892335818764,0.8861918877940864,0.8861918877940864,0.9907765427786794,0.9907765427786794,0.9634153501571113,0.9634153501571113,0.9104870721423467,0.9104870721423467,0.9198440606635223,0.9198440606635223,diskjoin_mecc,diskjoin_mecc,diskjoin_mecc,diskjoin_mecc
100000,100000,400000,4e-05,degree-4,4.0,high-zipf,1.4,0,9010243,belady,future,67108864,67108864,268435456,536870912,416438,27946681106432,411029,27583689261056,896,60129542144,4513,302862303232,413965,27780720885760,408836,27436519522304,975,65431142400,4154,278770221056,415824,27905476263936,410592,27554362687488,879,58988691456,4353,292124884992,0.9940615409736864,0.9940615409736864,0.9946646100396809,0.9946646100396809,0.9955293585747816,0.9955293585747816,0.9957232483828229,0.9957232483828229,0.9985255908442553,0.9985255908442553,0.9989368146773099,0.9989368146773099,diskjoin_mecc,diskjoin_mecc,diskjoin_mecc,diskjoin_mecc
100000,100000,400000,4e-05,degree-4,4.0,high-zipf,1.4,0,9010243,lru,future,67108864,67108864,268435456,536870912,712314,47802583351296,412301,27669051736064,13,872415232,300000,20132659200000,710432,47676284469248,410336,27537182818304,1037,69591891968,299059,20069509758976,711336,47736950882304,411802,27635564412928,23,1543503872,299511,20099842965504,0.9973579067658365,0.9973579067658365,0.9952340644335085,0.9952340644335085,0.9987291519057098,0.9987291519057098,0.9964400367166745,0.9964400367166745,0.9986270099983996,0.9986270099983996,0.9987897191614864,0.9987897191614864,diskjoin_mecc,diskjoin_mecc,diskjoin_mecc,diskjoin_mecc
100000,100000,1600000,0.00016,degree-16,16.0,uniform,0.0,0,9020048,belady,future,67108864,67108864,268435456,536870912,1764404,118407148077056,1681071,112814765113344,12235,821076951040,71098,4771306012672,1721292,115513950732288,1575538,105732565368832,21733,1458476941312,124021,8322908422144,1693057,113619131957248,1602460,107539270205440,13457,903083982848,77140,5176777768960,0.9755656867701501,0.9755656867701501,0.9372227585866391,0.9372227585866391,1.0166769340902284,1.0166769340902284,0.9831995806447587,0.9831995806447587,0.9595631159303651,0.9595631159303651,0.9532375491576501,0.9532375491576501,block_rcm,block_rcm,diskjoin_mecc,diskjoin_mecc
100000,100000,1600000,0.00016,degree-16,16.0,uniform,0.0,0,9020048,lru,future,67108864,67108864,268435456,536870912,3199998,214748230582272,1699946,114081444921344,53,3556769792,1499999,100663228891136,3199982,214747156840448,1694155,113692817489920,5836,391647330304,1499991,100662692020224,3199998,214748230582272,1692246,113564706668544,7753,520295022592,1499999,100663228891136,0.999994999996875,0.999994999996875,0.9965934212027912,0.9965934212027912,0.999994999996875,0.999994999996875,1.0011280865784289,1.0011280865784289,1.0,1.0,0.9954704443552913,0.9954704443552913,diskjoin_mecc,diskjoin_mecc,block_rcm,block_rcm
100000,100000,1600000,0.00016,degree-16,16.0,moderate-zipf,0.8,0,9020149,belady,future,67108864,67108864,268435456,536870912,1756116,117850949812224,1683840,113000589557760,10732,720212328448,61544,4130147926016,1704333,114375851507712,1580926,106094147928064,19675,1320366899200,103732,6961336680448,1699693,114064466378752,1621100,108790179430400,11553,775308705792,67040,4498978242560,0.9705127679492699,0.9705127679492699,0.9388813664006082,0.9388813664006082,1.0027299047533877,1.0027299047533877,0.9752180618098821,0.9752180618098821,0.9678705734700896,0.9678705734700896,0.9627399277841125,0.9627399277841125,block_rcm,block_rcm,diskjoin_mecc,diskjoin_mecc
100000,100000,1600000,0.00016,degree-16,16.0,moderate-zipf,0.8,0,9020149,lru,future,67108864,67108864,268435456,536870912,3200000,214748364800000,1699923,114079901417472,77,5167382528,1500000,100663296000000,3192200,214224915660800,1627874,109244774875136,68226,4578569355264,1496100,100401571430400,3199290,214700717506560,1648235,110611178455040,51410,3450066698240,1499645,100639472353280,0.9975625,0.9975625,0.9576163155625285,0.9576163155625285,0.9977838832991069,0.9977838832991069,0.9876467858042087,0.9876467858042087,0.999778125,0.999778125,0.969593916900942,0.969593916900942,diskjoin_mecc,diskjoin_mecc,diskjoin_mecc,diskjoin_mecc
100000,100000,1600000,0.00016,degree-16,16.0,high-zipf,1.4,0,9020250,belady,future,67108864,67108864,268435456,536870912,1653805,110984974827520,1633105,109595821342720,3301,221526360064,17399,1167627124736,1643706,110307242409984,1619160,108659988234240,4273,286756175872,20273,1360497999872,1646865,110519239311360,1626256,109136192733184,3337,223942279168,17272,1159104299008,0.9938934759539365,0.9938934759539365,0.9914610511877681,0.9914610511877681,0.998081809984425,0.998081809984425,0.9956366033392037,0.9956366033392037,0.9958036165085968,0.9958036165085968,0.9958061484105432,0.9958061484105432,diskjoin_mecc,diskjoin_mecc,diskjoin_mecc,diskjoin_mecc
100000,100000,1600000,0.00016,degree-16,16.0,high-zipf,1.4,0,9020250,lru,future,67108864,67108864,268435456,536870912,3137780,210572851281920,1637755,109907877560320,25,1677721600,1500000,100663296000000,3124154,209658425901056,1626397,109145655083008,4570,306687508480,1493187,100206083309568,3125992,209781771993088,1631154,109464891949056,732,49123688448,1494106,100267756355584,0.9956574393360911,0.9956574393360911,0.993064896764168,0.993064896764168,0.9994120266462614,0.9994120266462614,0.9970836597893271,0.9970836597893271,0.996243203793765,0.996243203793765,0.995969482614921,0.995969482614921,diskjoin_mecc,diskjoin_mecc,diskjoin_mecc,diskjoin_mecc
